timeOpen;timeClose;timeHigh;timeLow;name;open;high;low;close;volume;marketCap;timestamp
"2018-12-31T00:00:00.000Z";"2018-12-31T23:59:59.999Z";"2018-12-31T00:02:00.000Z";"2018-12-31T22:08:00.000Z";"2781";3866.83899926;3868.74298842;3725.86749335;3742.70033544;4661840806.32;65331499157.744;"2018-12-31T23:59:59.999Z"
"2018-12-30T00:00:00.000Z";"2018-12-30T23:59:59.999Z";"2018-12-30T12:14:00.000Z";"2018-12-30T01:09:00.000Z";"2781";3822.38483485;3901.9090157;3797.21912198;3865.95257679;4770578574.97;67475512827.3938;"2018-12-30T23:59:59.999Z"
"2018-12-29T00:00:00.000Z";"2018-12-29T23:59:59.999Z";"2018-12-29T23:32:02.000Z";"2018-12-29T23:59:00.000Z";"2781";3932.49180904;3963.75880829;3820.40868219;3820.40868219;4991655917.48;66672244158.107;"2018-12-29T23:59:59.999Z"
"2018-12-28T00:00:00.000Z";"2018-12-28T23:59:59.999Z";"2018-12-28T19:18:00.000Z";"2018-12-28T07:02:00.000Z";"2781";3653.13192864;3956.13609361;3642.63210325;3923.91859424;5631554348.36;68471837968.722;"2018-12-28T23:59:59.999Z"
"2018-12-27T00:00:00.000Z";"2018-12-27T23:59:59.999Z";"2018-12-27T01:10:00.000Z";"2018-12-27T23:35:00.000Z";"2781";3854.68857317;3874.41687968;3645.44843766;3654.83353854;5130222366.47;63768757100.9022;"2018-12-27T23:59:59.999Z"
"2018-12-26T00:00:00.000Z";"2018-12-26T23:59:59.999Z";"2018-12-26T02:47:01.000Z";"2018-12-26T14:52:01.000Z";"2781";3819.66669066;3893.35973112;3769.86381605;3857.29751969;5326547918.24;67292819464.6361;"2018-12-26T23:59:59.999Z"
"2018-12-25T00:00:00.000Z";"2018-12-25T23:59:59.999Z";"2018-12-25T00:09:01.000Z";"2018-12-25T18:05:00.000Z";"2781";4081.03047102;4089.56159334;3760.02039224;3815.49060966;6158207293.44;66556033171.8177;"2018-12-25T23:59:59.999Z"
"2018-12-24T00:00:00.000Z";"2018-12-24T23:59:59.999Z";"2018-12-24T06:14:00.000Z";"2018-12-24T00:00:01.000Z";"2781";4000.33178206;4271.79245;4000.33178206;4078.59919478;7240968501.11;71137548588.8249;"2018-12-24T23:59:59.999Z"
"2018-12-23T00:00:00.000Z";"2018-12-23T23:59:59.999Z";"2018-12-23T10:59:00.000Z";"2018-12-23T22:35:02.000Z";"2781";4020.99467354;4085.72358463;3976.4057328;3998.98034184;6151275489.92;69741217416.6041;"2018-12-23T23:59:59.999Z"
"2018-12-22T00:00:00.000Z";"2018-12-22T23:59:59.999Z";"2018-12-22T23:56:00.000Z";"2018-12-22T05:36:01.000Z";"2781";3898.08367671;4014.18251388;3855.73893391;4014.18251388;5605823232.54;69997508294.9082;"2018-12-22T23:59:59.999Z"
"2018-12-21T00:00:00.000Z";"2018-12-21T23:59:59.999Z";"2018-12-21T01:58:01.000Z";"2018-12-21T20:53:01.000Z";"2781";4133.703587;4198.42957996;3850.94616856;3896.54371704;7206015706.48;67937650255.418;"2018-12-21T23:59:59.999Z"
"2018-12-20T00:00:00.000Z";"2018-12-20T23:59:59.999Z";"2018-12-20T17:06:00.000Z";"2018-12-20T00:11:01.000Z";"2781";3742.19518335;4191.22870639;3728.97463571;4134.44120304;8927129279.05;72078243770.6126;"2018-12-20T23:59:59.999Z"
"2018-12-19T00:00:00.000Z";"2018-12-19T23:59:59.999Z";"2018-12-19T13:46:00.000Z";"2018-12-19T00:33:01.000Z";"2781";3706.82484989;3949.32295089;3687.23002226;3745.95076478;6810689118.78;65299132785.3376;"2018-12-19T23:59:59.999Z"
"2018-12-18T00:00:00.000Z";"2018-12-18T23:59:59.999Z";"2018-12-18T23:44:00.000Z";"2018-12-18T09:16:01.000Z";"2781";3544.76156472;3701.34942887;3487.16920219;3696.05912776;5911325472.51;64422587801.2914;"2018-12-18T23:59:59.999Z"
"2018-12-17T00:00:00.000Z";"2018-12-17T23:59:59.999Z";"2018-12-17T20:48:00.000Z";"2018-12-17T02:23:00.000Z";"2781";3253.12299273;3597.9178885;3253.12299273;3545.86476058;5409247918.12;61798926686.5305;"2018-12-17T23:59:59.999Z"
"2018-12-16T00:00:00.000Z";"2018-12-16T23:59:59.999Z";"2018-12-16T12:19:01.000Z";"2018-12-16T01:43:02.000Z";"2781";3236.2747733;3305.75310795;3233.81979097;3252.83902595;3744248994.38;56685436643.7664;"2018-12-16T23:59:59.999Z"
"2018-12-15T00:00:00.000Z";"2018-12-15T23:59:59.999Z";"2018-12-15T04:49:01.000Z";"2018-12-15T15:56:01.000Z";"2781";3243.99754038;3275.37782696;3191.30356157;3236.76164502;3551763561.38;56400691424.6544;"2018-12-15T23:59:59.999Z"
"2018-12-14T00:00:00.000Z";"2018-12-14T23:59:59.999Z";"2018-12-14T01:01:00.000Z";"2018-12-14T21:55:02.000Z";"2781";3311.75191371;3329.55602092;3206.54229103;3242.48476281;4372763663.29;56494379457.2721;"2018-12-14T23:59:59.999Z"
"2018-12-13T00:00:00.000Z";"2018-12-13T23:59:59.999Z";"2018-12-13T00:20:01.000Z";"2018-12-13T21:07:02.000Z";"2781";3487.87935755;3489.73939494;3298.13196161;3313.67725772;4343372456.25;57728688215.976;"2018-12-13T23:59:59.999Z"
"2018-12-12T00:00:00.000Z";"2018-12-12T23:59:59.999Z";"2018-12-12T16:19:00.000Z";"2018-12-12T00:26:00.000Z";"2781";3421.4583733;3534.22857953;3413.48135271;3486.95014412;4139364828.95;60741625425.5272;"2018-12-12T23:59:59.999Z"
"2018-12-11T00:00:00.000Z";"2018-12-11T23:59:59.999Z";"2018-12-11T06:17:01.000Z";"2018-12-11T16:16:01.000Z";"2781";3497.5547337;3513.18494093;3392.2500529;3424.58807495;4696765187.88;59650201102.151;"2018-12-11T23:59:59.999Z"
"2018-12-10T00:00:00.000Z";"2018-12-10T23:59:59.999Z";"2018-12-10T01:14:00.000Z";"2018-12-10T20:31:00.000Z";"2781";3612.04639531;3647.33258231;3470.14441964;3502.65599577;5020968740.04;61004445982.3277;"2018-12-10T23:59:59.999Z"
"2018-12-09T00:00:00.000Z";"2018-12-09T23:59:59.999Z";"2018-12-09T17:23:00.000Z";"2018-12-09T00:08:00.000Z";"2781";3473.22762038;3685.30559965;3469.09435766;3614.23427278;4947372847.28;62942160928.0342;"2018-12-09T23:59:59.999Z"
"2018-12-08T00:00:00.000Z";"2018-12-08T23:59:59.999Z";"2018-12-08T23:07:00.000Z";"2018-12-08T21:49:00.000Z";"2781";3421.9104035;3506.04339159;3350.65070337;3476.11471452;5305024497.06;60531278391.8027;"2018-12-08T23:59:59.999Z"
"2018-12-07T00:00:00.000Z";"2018-12-07T23:59:59.999Z";"2018-12-07T00:00:01.000Z";"2018-12-07T17:39:00.000Z";"2781";3512.59040851;3512.59040851;3280.22875211;3419.93720035;6835615448.4;59547645578.0206;"2018-12-07T23:59:59.999Z"
"2018-12-06T00:00:00.000Z";"2018-12-06T23:59:59.999Z";"2018-12-06T09:31:00.000Z";"2018-12-06T23:59:01.000Z";"2781";3754.07446712;3874.96603127;3521.10172384;3521.10172384;5878333109.03;61303965507.8301;"2018-12-06T23:59:59.999Z"
"2018-12-05T00:00:00.000Z";"2018-12-05T23:59:59.999Z";"2018-12-05T00:56:00.000Z";"2018-12-05T23:59:00.000Z";"2781";3958.89472485;3969.53585216;3753.99482663;3753.99482663;5302481573.52;65352496335.9036;"2018-12-05T23:59:59.999Z"
"2018-12-04T00:00:00.000Z";"2018-12-04T23:59:59.999Z";"2018-12-04T15:14:01.000Z";"2018-12-04T06:04:01.000Z";"2781";3886.2948763;4075.62765492;3832.74993843;3956.89386975;5028069239.31;68878292607.5452;"2018-12-04T23:59:59.999Z"
"2018-12-03T00:00:00.000Z";"2018-12-03T23:59:59.999Z";"2018-12-03T00:08:01.000Z";"2018-12-03T16:32:01.000Z";"2781";4147.32376691;4155.97928378;3840.44626837;3894.1309069;5089570993.52;67779050169.8008;"2018-12-03T23:59:59.999Z"
"2018-12-02T00:00:00.000Z";"2018-12-02T23:59:59.999Z";"2018-12-02T02:23:00.000Z";"2018-12-02T10:50:00.000Z";"2781";4200.73317961;4301.51941165;4110.97847302;4139.8780641;5262697895.12;72050487506.1332;"2018-12-02T23:59:59.999Z"
"2018-12-01T00:00:00.000Z";"2018-12-01T23:59:59.999Z";"2018-12-01T20:04:01.000Z";"2018-12-01T06:57:00.000Z";"2781";4024.46424203;4309.37731216;3969.71064261;4214.67193177;5375314093.1;73346194969.0855;"2018-12-01T23:59:59.999Z"
"2018-11-30T00:00:00.000Z";"2018-11-30T23:59:59.999Z";"2018-11-30T05:11:01.000Z";"2018-11-30T12:50:01.000Z";"2781";4289.08896703;4322.97639207;3942.82208559;4017.26845712;6048016716.85;69904637061.278;"2018-11-30T23:59:59.999Z"
"2018-11-29T00:00:00.000Z";"2018-11-29T23:59:59.999Z";"2018-11-29T11:47:00.000Z";"2018-11-29T04:15:00.000Z";"2781";4269.0043945313;4413.02046804;4145.7651367188;4278.84645524;6503347767.19;74451016926.881;"2018-11-29T23:59:59.999Z"
"2018-11-28T00:00:00.000Z";"2018-11-28T23:59:59.999Z";"2018-11-28T20:46:00.000Z";"2018-11-28T00:01:00.000Z";"2781";3822.47;4385.9;3822.47;4257.42;7280280000;74072560088.04;"2018-11-28T23:59:59.999Z"
"2018-11-27T00:00:00.000Z";"2018-11-27T23:59:59.999Z";"2018-11-27T22:54:00.000Z";"2018-11-27T10:21:01.000Z";"2781";3765.95;3862.96;3661.01;3820.72;5998720000;66468970322;"2018-11-27T23:59:59.999Z"
"2018-11-26T00:00:00.000Z";"2018-11-26T23:59:59.999Z";"2018-11-26T06:56:00.000Z";"2018-11-26T16:42:00.000Z";"2781";4015.07;4107.14;3643.92;3779.13;6476900000;65739289045.5;"2018-11-26T23:59:59.999Z"
"2018-11-25T00:00:00.000Z";"2018-11-25T23:59:59.999Z";"2018-11-25T22:30:02.000Z";"2018-11-25T10:28:00.000Z";"2781";3880.78;4120.87;3585.06;4009.97;6825640000;69749265801.14;"2018-11-25T23:59:59.999Z"
"2018-11-24T00:00:00.000Z";"2018-11-24T23:59:59.999Z";"2018-11-24T01:01:00.000Z";"2018-11-24T22:58:00.000Z";"2781";4347.69;4413.09;3795.16;3880.76;4679500000;67495633205;"2018-11-24T23:59:59.999Z"
"2018-11-23T00:00:00.000Z";"2018-11-23T23:59:59.999Z";"2018-11-23T09:33:00.000Z";"2018-11-23T05:24:00.000Z";"2781";4360.7;4396.42;4195.68;4347.11;4871490000;75598851166;"2018-11-23T23:59:59.999Z"
"2018-11-22T00:00:00.000Z";"2018-11-22T23:59:59.999Z";"2018-11-22T02:03:00.000Z";"2018-11-22T23:56:00.000Z";"2781";4611.57;4629.64;4365.64;4365.94;4569370000;75919439808.5;"2018-11-22T23:59:59.999Z"
"2018-11-21T00:00:00.000Z";"2018-11-21T23:59:59.999Z";"2018-11-21T09:38:00.000Z";"2018-11-21T01:34:00.000Z";"2781";4465.54;4675.73;4343.98;4602.17;6120120000;80020171046.79;"2018-11-21T23:59:59.999Z"
"2018-11-20T00:00:00.000Z";"2018-11-20T23:59:59.999Z";"2018-11-20T02:37:00.000Z";"2018-11-20T20:36:32.000Z";"2781";4863.93;4951.61;4272.11;4451.87;8428290000;77401044319.69;"2018-11-20T23:59:59.999Z"
"2018-11-19T00:00:00.000Z";"2018-11-19T23:59:59.999Z";"2018-11-19T00:03:00.000Z";"2018-11-19T21:57:01.000Z";"2781";5620.78;5620.78;4842.91;4871.49;7039560000;84688539692.25;"2018-11-19T23:59:59.999Z"
"2018-11-18T00:00:00.000Z";"2018-11-18T23:59:59.999Z";"2018-11-18T19:14:00.000Z";"2018-11-18T00:00:00.000Z";"2781";5559.74;5653.61;5559.74;5623.54;4159680000;97753714643;"2018-11-18T23:59:59.999Z"
"2018-11-17T00:00:00.000Z";"2018-11-17T23:59:59.999Z";"2018-11-17T00:05:00.000Z";"2018-11-17T10:49:30.000Z";"2781";5578.58;5578.58;5519.56;5554.33;4303150000;96542098113.96;"2018-11-17T23:59:59.999Z"
"2018-11-16T00:00:00.000Z";"2018-11-16T23:59:59.999Z";"2018-11-16T00:18:01.000Z";"2018-11-16T22:55:12.000Z";"2781";5645.32;5657.02;5498.94;5575.55;5279320000;96900828780;"2018-11-16T23:59:59.999Z"
"2018-11-15T00:00:00.000Z";"2018-11-15T23:59:59.999Z";"2018-11-15T00:53:02.000Z";"2018-11-15T15:03:02.000Z";"2781";5736.15;5774.82;5358.38;5648.03;7032140000;98151606540.75;"2018-11-15T23:59:59.999Z"
"2018-11-14T00:00:00.000Z";"2018-11-14T23:59:59.999Z";"2018-11-14T09:44:03.000Z";"2018-11-14T20:40:01.000Z";"2781";6351.24;6371.55;5544.09;5738.35;7398940000;99712077258.95;"2018-11-14T23:59:59.999Z"
"2018-11-13T00:00:00.000Z";"2018-11-13T23:59:59.999Z";"2018-11-13T17:49:00.000Z";"2018-11-13T23:23:19.000Z";"2781";6373.19;6395.27;6342.67;6359.49;4503800000;110494466204.13;"2018-11-13T23:59:59.999Z"
"2018-11-12T00:00:00.000Z";"2018-11-12T23:59:59.999Z";"2018-11-12T03:01:00.000Z";"2018-11-12T22:17:01.000Z";"2781";6411.76;6434.21;6360.47;6371.27;4295770000;110689666527.5;"2018-11-12T23:59:59.999Z"
"2018-11-11T00:00:00.000Z";"2018-11-11T23:59:59.999Z";"2018-11-11T00:16:01.000Z";"2018-11-11T17:08:00.000Z";"2781";6413.63;6423.25;6350.17;6411.27;3939060000;111373453740.24;"2018-11-11T23:59:59.999Z"
"2018-11-10T00:00:00.000Z";"2018-11-10T23:59:59.999Z";"2018-11-10T21:46:00.000Z";"2018-11-10T00:02:00.000Z";"2781";6386.13;6437.28;6385.31;6409.22;3705320000;111326145314.14;"2018-11-10T23:59:59.999Z"
"2018-11-09T00:00:00.000Z";"2018-11-09T23:59:59.999Z";"2018-11-09T01:41:03.000Z";"2018-11-09T21:36:00.000Z";"2781";6442.6;6456.46;6373.37;6385.62;4346820000;110905767441;"2018-11-09T23:59:59.999Z"
"2018-11-08T00:00:00.000Z";"2018-11-08T23:59:59.999Z";"2018-11-08T01:32:00.000Z";"2018-11-08T23:26:00.000Z";"2781";6522.27;6536.92;6438.53;6453.72;4665260000;112078367037;"2018-11-08T23:59:59.999Z"
"2018-11-07T00:00:00.000Z";"2018-11-07T23:59:59.999Z";"2018-11-07T08:42:00.000Z";"2018-11-07T00:00:00.000Z";"2781";6468.5;6552.16;6468.31;6530.14;4941260000;113395632954.68;"2018-11-07T23:59:59.999Z"
"2018-11-06T00:00:00.000Z";"2018-11-06T23:59:59.999Z";"2018-11-06T23:03:00.000Z";"2018-11-06T06:10:00.000Z";"2781";6433.38;6463.55;6408.16;6461.01;4700040000;112095603776;"2018-11-06T23:59:59.999Z"
"2018-11-05T00:00:00.000Z";"2018-11-05T23:59:59.999Z";"2018-11-05T02:36:08.000Z";"2018-11-05T00:52:08.000Z";"2781";6363.62;6480.59;6363.62;6419.66;4174800000;111456211022;"2018-11-05T23:59:59.999Z"
"2018-11-04T00:00:00.000Z";"2018-11-04T23:59:59.999Z";"2018-11-04T23:58:08.000Z";"2018-11-04T19:00:10.000Z";"2781";6365.47;6388.63;6294.57;6376.13;4390020000;110689215104;"2018-11-04T23:59:59.999Z"
"2018-11-03T00:00:00.000Z";"2018-11-03T23:59:59.999Z";"2018-11-03T01:09:18.000Z";"2018-11-03T13:39:07.000Z";"2781";6387.24;6400.07;6342.37;6361.26;3658640000;110421212888;"2018-11-03T23:59:59.999Z"
"2018-11-02T00:00:00.000Z";"2018-11-02T23:59:59.999Z";"2018-11-02T22:02:05.000Z";"2018-11-02T16:30:21.000Z";"2781";6378.92;6396.86;6327.38;6388.44;4234870000;110880236966;"2018-11-02T23:59:59.999Z"
"2018-11-01T00:00:00.000Z";"2018-11-01T23:59:59.999Z";"2018-11-01T04:33:02.000Z";"2018-11-01T00:49:02.000Z";"2781";6318.14;6547.14;6311.83;6377.78;3789400000;110683820788;"2018-11-01T23:59:59.999Z"
"2018-10-31T00:00:00.000Z";"2018-10-31T23:59:59.999Z";"2018-10-31T01:13:00.000Z";"2018-10-31T03:45:01.000Z";"2781";6336.99;6349.16;6316.88;6317.61;4191240000;109627117226;"2018-10-31T23:59:59.999Z"
"2018-10-30T00:00:00.000Z";"2018-10-30T23:59:59.999Z";"2018-10-30T02:12:00.000Z";"2018-10-30T02:41:00.000Z";"2781";6337.04;6364.99;6310.14;6334.27;3781100000;109903543419;"2018-10-30T23:59:59.999Z"
"2018-10-29T00:00:00.000Z";"2018-10-29T23:59:59.999Z";"2018-10-29T00:33:00.000Z";"2018-10-29T21:41:00.000Z";"2781";6492.35;6503.6;6306.99;6332.63;4199910000;109862898081;"2018-10-29T23:59:59.999Z"
"2018-10-28T00:00:00.000Z";"2018-10-28T23:59:59.999Z";"2018-10-28T23:38:00.000Z";"2018-10-28T11:34:00.000Z";"2781";6482.66;6502.28;6447.91;6486.39;3445190000;112518434372;"2018-10-28T23:59:59.999Z"
"2018-10-27T00:00:00.000Z";"2018-10-27T23:59:59.999Z";"2018-10-27T22:14:00.000Z";"2018-10-27T21:18:00.000Z";"2781";6480.84;6507.41;6453.53;6480.38;3393250000;112403001148;"2018-10-27T23:59:59.999Z"
"2018-10-26T00:00:00.000Z";"2018-10-26T23:59:59.999Z";"2018-10-26T09:15:00.000Z";"2018-10-26T14:44:00.000Z";"2781";6468.44;6498.29;6449.61;6474.75;3306050000;112294341019;"2018-10-26T23:59:59.999Z"
"2018-10-25T00:00:00.000Z";"2018-10-25T23:59:59.999Z";"2018-10-25T15:41:00.000Z";"2018-10-25T04:25:00.000Z";"2781";6484.65;6504.65;6447.03;6476.29;3230550000;112309554478;"2018-10-25T23:59:59.999Z"
"2018-10-24T00:00:00.000Z";"2018-10-24T23:59:59.999Z";"2018-10-24T06:55:00.000Z";"2018-10-24T00:10:00.000Z";"2781";6478.89;6521.99;6468.86;6495.84;3424670000;112637293966;"2018-10-24T23:59:59.999Z"
"2018-10-23T00:00:00.000Z";"2018-10-23T23:59:59.999Z";"2018-10-23T23:56:00.000Z";"2018-10-23T23:52:18.000Z";"2781";6472.36;6506.01;6451.27;6475.74;3716150000;112279779884;"2018-10-23T23:59:59.999Z"
"2018-10-22T00:00:00.000Z";"2018-10-22T23:59:59.999Z";"2018-10-22T12:44:00.000Z";"2018-10-22T10:04:00.000Z";"2781";6486.05;6543.8;6462.98;6487.16;3672860000;112465213723;"2018-10-22T23:59:59.999Z"
"2018-10-21T00:00:00.000Z";"2018-10-21T23:59:59.999Z";"2018-10-21T14:29:00.000Z";"2018-10-21T01:09:00.000Z";"2781";6490.09;6556.38;6476;6482.35;3253610000;112369106369;"2018-10-21T23:59:59.999Z"
"2018-10-20T00:00:00.000Z";"2018-10-20T23:59:59.999Z";"2018-10-20T13:54:00.000Z";"2018-10-20T01:19:00.000Z";"2781";6460.92;6497.72;6449;6489.19;3379130000;112476559221;"2018-10-20T23:59:59.999Z"
"2018-10-19T00:00:00.000Z";"2018-10-19T23:59:59.999Z";"2018-10-19T04:29:00.000Z";"2018-10-19T14:54:00.000Z";"2781";6478.07;6493.68;6445.31;6465.41;3578870000;112052990522;"2018-10-19T23:59:59.999Z"
"2018-10-18T00:00:00.000Z";"2018-10-18T23:59:59.999Z";"2018-10-18T03:54:00.000Z";"2018-10-18T22:29:00.000Z";"2781";6542.33;6567.54;6450.04;6476.71;3924080000;112237252159;"2018-10-18T23:59:59.999Z"
"2018-10-17T00:00:00.000Z";"2018-10-17T23:59:59.999Z";"2018-10-17T05:09:00.000Z";"2018-10-17T13:49:00.000Z";"2781";6590.52;6601.21;6517.45;6544.43;4088420000;113399343801;"2018-10-17T23:59:59.999Z"
"2018-10-16T00:00:00.000Z";"2018-10-16T23:59:59.999Z";"2018-10-16T06:39:00.000Z";"2018-10-16T16:29:00.000Z";"2781";6601.41;6673.59;6571.37;6596.11;4074800000;114283707152;"2018-10-16T23:59:59.999Z"
"2018-10-15T00:00:00.000Z";"2018-10-15T23:59:59.999Z";"2018-10-15T07:04:00.000Z";"2018-10-15T00:34:00.000Z";"2781";6292.64;6965.06;6258.68;6596.54;7370770000;114280022340;"2018-10-15T23:59:59.999Z"
"2018-10-14T00:00:00.000Z";"2018-10-14T23:59:59.999Z";"2018-10-14T19:44:00.000Z";"2018-10-14T00:44:00.000Z";"2781";6288.49;6363.21;6280.15;6290.93;3085320000;108972590373;"2018-10-14T23:59:59.999Z"
"2018-10-13T00:00:00.000Z";"2018-10-13T23:59:59.999Z";"2018-10-13T10:49:00.000Z";"2018-10-13T22:39:00.000Z";"2781";6278.08;6308.51;6259.81;6285.99;3064030000;108878136724;"2018-10-13T23:59:59.999Z"
"2018-10-12T00:00:00.000Z";"2018-10-12T23:59:59.999Z";"2018-10-12T07:34:00.000Z";"2018-10-12T00:24:00.000Z";"2781";6239.25;6328.5;6236.47;6274.58;3783500000;108669526315;"2018-10-12T23:59:59.999Z"
"2018-10-11T00:00:00.000Z";"2018-10-11T23:59:59.999Z";"2018-10-11T00:04:00.000Z";"2018-10-11T23:54:00.000Z";"2781";6586.74;6586.74;6243.74;6256.24;5181640000;108341572839;"2018-10-11T23:59:59.999Z"
"2018-10-10T00:00:00.000Z";"2018-10-10T23:59:59.999Z";"2018-10-10T00:04:26.000Z";"2018-10-10T06:09:00.000Z";"2781";6640.29;6640.29;6538.96;6585.53;3787650000;114030835912;"2018-10-10T23:59:59.999Z"
"2018-10-09T00:00:00.000Z";"2018-10-09T23:59:59.999Z";"2018-10-09T05:09:00.000Z";"2018-10-09T14:44:00.000Z";"2781";6653.08;6661.41;6606.94;6642.64;3580810000;115007759484;"2018-10-09T23:59:59.999Z"
"2018-10-08T00:00:00.000Z";"2018-10-08T23:59:59.999Z";"2018-10-08T20:24:00.000Z";"2018-10-08T09:54:00.000Z";"2781";6600.19;6675.06;6576.04;6652.23;3979460000;115162906843;"2018-10-08T23:59:59.999Z"
"2018-10-07T00:00:00.000Z";"2018-10-07T23:59:59.999Z";"2018-10-07T23:44:00.000Z";"2018-10-07T09:49:00.000Z";"2781";6590.68;6641.49;6557.04;6602.95;3306630000;114298880311;"2018-10-07T23:59:59.999Z"
"2018-10-06T00:00:00.000Z";"2018-10-06T23:59:59.999Z";"2018-10-06T00:09:00.000Z";"2018-10-06T14:29:00.000Z";"2781";6622.45;6628.54;6577.8;6588.31;3259740000;114033598927;"2018-10-06T23:59:59.999Z"
"2018-10-05T00:00:00.000Z";"2018-10-05T23:59:59.999Z";"2018-10-05T22:34:00.000Z";"2018-10-05T05:29:00.000Z";"2781";6574.15;6623.62;6557.41;6622.48;3671500000;114614764674;"2018-10-05T23:59:59.999Z"
"2018-10-04T00:00:00.000Z";"2018-10-04T23:59:59.999Z";"2018-10-04T19:59:00.000Z";"2018-10-04T00:04:00.000Z";"2781";6497.91;6603.31;6497.91;6576.69;3838410000;113811343543;"2018-10-04T23:59:59.999Z"
"2018-10-03T00:00:00.000Z";"2018-10-03T23:59:59.999Z";"2018-10-03T11:49:00.000Z";"2018-10-03T08:54:00.000Z";"2781";6553.86;6571.46;6454.03;6502.59;3887310000;112516993837;"2018-10-03T23:59:59.999Z"
"2018-10-02T00:00:00.000Z";"2018-10-02T23:59:59.999Z";"2018-10-02T04:59:00.000Z";"2018-10-02T17:54:00.000Z";"2781";6593.24;6611.84;6537.9;6556.1;3979260000;113431019760;"2018-10-02T23:59:59.999Z"
"2018-10-01T00:00:00.000Z";"2018-10-01T23:59:59.999Z";"2018-10-01T04:49:00.000Z";"2018-10-01T14:24:00.000Z";"2781";6619.85;6653.3;6549.08;6589.62;4000970000;113999846113;"2018-10-01T23:59:59.999Z"
"2018-09-30T00:00:00.000Z";"2018-09-30T23:59:59.999Z";"2018-09-30T11:24:00.000Z";"2018-09-30T05:24:01.000Z";"2781";6604.71;6643.78;6566.54;6625.56;4002280000;114608519470;"2018-09-30T23:59:59.999Z"
"2018-09-29T00:00:00.000Z";"2018-09-29T23:59:59.999Z";"2018-09-29T00:04:00.000Z";"2018-09-29T06:44:00.000Z";"2781";6643.1;6643.1;6511.65;6601.96;4363690000;114186839964;"2018-09-29T23:59:59.999Z"
"2018-09-28T00:00:00.000Z";"2018-09-28T23:59:59.999Z";"2018-09-28T07:54:00.000Z";"2018-09-28T19:39:00.000Z";"2781";6678.75;6785.03;6598.32;6644.13;5014430000;114903584220;"2018-09-28T23:59:59.999Z"
"2018-09-27T00:00:00.000Z";"2018-09-27T23:59:59.999Z";"2018-09-27T22:04:00.000Z";"2018-09-27T08:39:00.000Z";"2781";6495.29;6712.1;6464.95;6676.75;4606810000;115454861756;"2018-09-27T23:59:59.999Z"
"2018-09-26T00:00:00.000Z";"2018-09-26T23:59:59.999Z";"2018-09-26T15:59:00.000Z";"2018-09-26T04:29:00.000Z";"2781";6452.79;6585.91;6397.89;6495;4437300000;112300336125;"2018-09-26T23:59:59.999Z"
"2018-09-25T00:00:00.000Z";"2018-09-25T23:59:59.999Z";"2018-09-25T00:04:00.000Z";"2018-09-25T18:29:00.000Z";"2781";6603.64;6603.64;6381.86;6446.47;4726180000;111450035114;"2018-09-25T23:59:59.999Z"
"2018-09-24T00:00:00.000Z";"2018-09-24T23:59:59.999Z";"2018-09-24T02:04:00.000Z";"2018-09-24T23:34:00.000Z";"2781";6704.77;6713.56;6580.9;6595.41;4177310000;114011060309;"2018-09-24T23:59:59.999Z"
"2018-09-23T00:00:00.000Z";"2018-09-23T23:59:59.999Z";"2018-09-23T11:59:00.000Z";"2018-09-23T22:39:06.000Z";"2781";6715.32;6766.15;6679.42;6710.63;4197500000;115990387532;"2018-09-23T23:59:59.999Z"
"2018-09-22T00:00:00.000Z";"2018-09-22T23:59:59.999Z";"2018-09-22T00:34:00.000Z";"2018-09-22T09:09:00.000Z";"2781";6735.05;6814.56;6616.8;6721.98;4509660000;116173876360;"2018-09-22T23:59:59.999Z"
"2018-09-21T00:00:00.000Z";"2018-09-21T23:59:59.999Z";"2018-09-21T20:39:00.000Z";"2018-09-21T01:54:00.000Z";"2781";6513.87;6794.33;6496.36;6734.95;6531940000;116385068032;"2018-09-21T23:59:59.999Z"
"2018-09-20T00:00:00.000Z";"2018-09-20T23:59:59.999Z";"2018-09-20T23:54:00.000Z";"2018-09-20T21:34:00.000Z";"2781";6398.85;6529.26;6395.95;6519.67;4348110000;112653130183;"2018-09-20T23:59:59.999Z"
"2018-09-19T00:00:00.000Z";"2018-09-19T23:59:59.999Z";"2018-09-19T21:09:00.000Z";"2018-09-19T19:14:00.000Z";"2781";6371.85;6448.46;6208.34;6398.54;4431340000;110547735544;"2018-09-19T23:59:59.999Z"
"2018-09-18T00:00:00.000Z";"2018-09-18T23:59:59.999Z";"2018-09-18T14:54:00.000Z";"2018-09-18T12:29:00.000Z";"2781";6280.91;6384.18;6265.71;6371.3;4180090000;110064685348;"2018-09-18T23:59:59.999Z"
"2018-09-17T00:00:00.000Z";"2018-09-17T23:59:59.999Z";"2018-09-17T01:09:00.000Z";"2018-09-17T21:09:00.000Z";"2781";6514.06;6540.21;6257.52;6281.2;3910780000;108497127334;"2018-09-17T23:59:59.999Z"
"2018-09-16T00:00:00.000Z";"2018-09-16T23:59:59.999Z";"2018-09-16T00:09:00.000Z";"2018-09-16T04:49:00.000Z";"2781";6536.68;6544.33;6460.1;6517.18;3273730000;112562367224;"2018-09-16T23:59:59.999Z"
"2018-09-15T00:00:00.000Z";"2018-09-15T23:59:59.999Z";"2018-09-15T14:54:00.000Z";"2018-09-15T03:59:00.000Z";"2781";6509.4;6561.72;6493.55;6543.2;3216300000;113000324618;"2018-09-15T23:59:59.999Z"
"2018-09-14T00:00:00.000Z";"2018-09-14T23:59:59.999Z";"2018-09-14T07:44:00.000Z";"2018-09-14T11:29:00.000Z";"2781";6515.41;6596.1;6456.17;6512.71;4076220000;112462453186;"2018-09-14T23:59:59.999Z"
"2018-09-13T00:00:00.000Z";"2018-09-13T23:59:59.999Z";"2018-09-13T14:34:00.000Z";"2018-09-13T00:04:00.000Z";"2781";6354.24;6535.41;6354.24;6517.31;4210910000;112530970182;"2018-09-13T23:59:59.999Z"
"2018-09-12T00:00:00.000Z";"2018-09-12T23:59:59.999Z";"2018-09-12T23:09:00.000Z";"2018-09-12T12:14:00.000Z";"2781";6317.01;6363.87;6265.09;6351.8;4064230000;109661521297;"2018-09-12T23:59:59.999Z"
"2018-09-11T00:00:00.000Z";"2018-09-11T23:59:59.999Z";"2018-09-11T03:34:00.000Z";"2018-09-11T18:54:00.000Z";"2781";6331.88;6398.92;6260.21;6321.2;3849910000;109119948884;"2018-09-11T23:59:59.999Z"
"2018-09-10T00:00:00.000Z";"2018-09-10T23:59:59.999Z";"2018-09-10T02:04:00.000Z";"2018-09-10T00:09:00.000Z";"2781";6301.57;6374.98;6292.76;6329.7;3714100000;109255603474;"2018-09-10T23:59:59.999Z"
"2018-09-09T00:00:00.000Z";"2018-09-09T23:59:59.999Z";"2018-09-09T14:34:00.000Z";"2018-09-09T03:29:00.000Z";"2781";6223.38;6446.26;6201.22;6300.86;3671890000;108747090915;"2018-09-09T23:59:59.999Z"
"2018-09-08T00:00:00.000Z";"2018-09-08T23:59:59.999Z";"2018-09-08T11:14:00.000Z";"2018-09-08T20:59:00.000Z";"2781";6460.17;6534.25;6197.52;6225.98;3835060000;107442122871;"2018-09-08T23:59:59.999Z"
"2018-09-07T00:00:00.000Z";"2018-09-07T23:59:59.999Z";"2018-09-07T06:04:00.000Z";"2018-09-07T10:44:00.000Z";"2781";6528.92;6555.29;6396.87;6467.07;4264680000;111590424587;"2018-09-07T23:59:59.999Z"
"2018-09-06T00:00:00.000Z";"2018-09-06T23:59:59.999Z";"2018-09-06T00:04:00.000Z";"2018-09-06T00:49:00.000Z";"2781";6755.14;6755.14;6404.72;6529.17;5523470000;112649565532;"2018-09-06T23:59:59.999Z"
"2018-09-05T00:00:00.000Z";"2018-09-05T23:59:59.999Z";"2018-09-05T02:04:00.000Z";"2018-09-05T23:59:00.000Z";"2781";7361.46;7388.43;6792.83;6792.83;5800460000;117185657641;"2018-09-05T23:59:59.999Z"
"2018-09-04T00:00:00.000Z";"2018-09-04T23:59:59.999Z";"2018-09-04T18:34:00.000Z";"2018-09-04T00:34:00.000Z";"2781";7263;7388.26;7255.44;7361.66;4273640000;126986882925;"2018-09-04T23:59:59.999Z"
"2018-09-03T00:00:00.000Z";"2018-09-03T23:59:59.999Z";"2018-09-03T20:14:00.000Z";"2018-09-03T05:09:00.000Z";"2781";7279.03;7317.94;7208.15;7260.06;4087760000;125222785390;"2018-09-03T23:59:59.999Z"
"2018-09-02T00:00:00.000Z";"2018-09-02T23:59:59.999Z";"2018-09-02T09:34:12.000Z";"2018-09-02T02:19:00.000Z";"2781";7189.58;7306.31;7132.16;7272.72;4329540000;125427780027;"2018-09-02T23:59:59.999Z"
"2018-09-01T00:00:00.000Z";"2018-09-01T23:59:59.999Z";"2018-09-01T19:59:00.000Z";"2018-09-01T00:09:00.000Z";"2781";7044.81;7242.29;7038.05;7193.25;4116050000;124044625438;"2018-09-01T23:59:59.999Z"
"2018-08-31T00:00:00.000Z";"2018-08-31T23:59:59.999Z";"2018-08-31T18:19:00.000Z";"2018-08-31T13:19:00.000Z";"2781";6973.97;7057.17;6920.16;7037.58;4495650000;121346613238;"2018-08-31T23:59:59.999Z"
"2018-08-30T00:00:00.000Z";"2018-08-30T23:59:59.999Z";"2018-08-30T01:19:00.000Z";"2018-08-30T19:49:00.000Z";"2781";7043.76;7072.69;6834.69;6978.23;4463250000;120309828156;"2018-08-30T23:59:59.999Z"
"2018-08-29T00:00:00.000Z";"2018-08-29T23:59:59.999Z";"2018-08-29T10:24:00.000Z";"2018-08-29T16:24:00.000Z";"2781";7091.71;7113.3;6970.82;7047.16;4145880000;121484666374;"2018-08-29T23:59:59.999Z"
"2018-08-28T00:00:00.000Z";"2018-08-28T23:59:59.999Z";"2018-08-28T20:29:00.000Z";"2018-08-28T03:09:00.000Z";"2781";6891.08;7109.56;6882.34;7096.28;4659940000;122319195736;"2018-08-28T23:59:59.999Z"
"2018-08-27T00:00:00.000Z";"2018-08-27T23:59:59.999Z";"2018-08-27T23:59:00.000Z";"2018-08-27T04:29:00.000Z";"2781";6710.8;6884.64;6689.71;6884.64;4019000000;118657885712;"2018-08-27T23:59:59.999Z"
"2018-08-26T00:00:00.000Z";"2018-08-26T23:59:59.999Z";"2018-08-26T00:44:00.000Z";"2018-08-26T06:14:01.000Z";"2781";6754.64;6774.75;6620.75;6707.26;3295500000;115585205491;"2018-08-26T23:59:59.999Z"
"2018-08-25T00:00:00.000Z";"2018-08-25T23:59:59.999Z";"2018-08-25T02:39:00.000Z";"2018-08-25T07:49:00.000Z";"2781";6719.95;6789.63;6700.96;6763.19;3312600000;116534497933;"2018-08-25T23:59:59.999Z"
"2018-08-24T00:00:00.000Z";"2018-08-24T23:59:59.999Z";"2018-08-24T23:59:00.000Z";"2018-08-24T01:34:00.000Z";"2781";6551.52;6719.96;6498.64;6719.96;4097820000;115778358839;"2018-08-24T23:59:59.999Z"
"2018-08-23T00:00:00.000Z";"2018-08-23T23:59:59.999Z";"2018-08-23T22:14:00.000Z";"2018-08-23T00:04:00.000Z";"2781";6371.34;6546.54;6371.34;6534.88;3426180000;112577436411;"2018-08-23T23:59:59.999Z"
"2018-08-22T00:00:00.000Z";"2018-08-22T23:59:59.999Z";"2018-08-22T02:04:02.000Z";"2018-08-22T22:19:00.000Z";"2781";6486.25;6816.79;6310.11;6376.71;4668110000;109840902181;"2018-08-22T23:59:59.999Z"
"2018-08-21T00:00:00.000Z";"2018-08-21T23:59:59.999Z";"2018-08-21T21:54:00.000Z";"2018-08-21T00:14:00.000Z";"2781";6301.07;6500.87;6298.24;6488.76;3377180000;111758100192;"2018-08-21T23:59:59.999Z"
"2018-08-20T00:00:00.000Z";"2018-08-20T23:59:59.999Z";"2018-08-20T02:09:18.000Z";"2018-08-20T23:24:00.000Z";"2781";6500.51;6536.92;6297.93;6308.53;3665100000;108642191682;"2018-08-20T23:59:59.999Z"
"2018-08-19T00:00:00.000Z";"2018-08-19T23:59:59.999Z";"2018-08-19T21:29:18.000Z";"2018-08-19T03:44:17.000Z";"2781";6422.57;6537.98;6361.55;6506.07;3311170000;112031838393;"2018-08-19T23:59:59.999Z"
"2018-08-18T00:00:00.000Z";"2018-08-18T23:59:59.999Z";"2018-08-18T01:14:15.000Z";"2018-08-18T17:29:16.000Z";"2781";6583.43;6617.35;6353.73;6423.76;3984520000;110603014928;"2018-08-18T23:59:59.999Z"
"2018-08-17T00:00:00.000Z";"2018-08-17T23:59:59.999Z";"2018-08-17T23:24:14.000Z";"2018-08-17T00:09:13.000Z";"2781";6340.91;6582.5;6324.97;6580.63;4992990000;113290724406;"2018-08-17T23:59:59.999Z"
"2018-08-16T00:00:00.000Z";"2018-08-16T23:59:59.999Z";"2018-08-16T10:59:12.000Z";"2018-08-16T00:24:14.000Z";"2781";6294.23;6473.5;6276.41;6334.73;4328420000;109045250379;"2018-08-16T23:59:59.999Z"
"2018-08-15T00:00:00.000Z";"2018-08-15T23:59:59.999Z";"2018-08-15T18:19:11.000Z";"2018-08-15T00:04:09.000Z";"2781";6221.42;6588.49;6221.42;6308.52;4895450000;108581773101;"2018-08-15T23:59:59.999Z"
"2018-08-14T00:00:00.000Z";"2018-08-14T23:59:59.999Z";"2018-08-14T00:14:08.000Z";"2018-08-14T03:09:08.000Z";"2781";6287.66;6287.94;5971.05;6199.71;5301700000;106696389129;"2018-08-14T23:59:59.999Z"
"2018-08-13T00:00:00.000Z";"2018-08-13T23:59:59.999Z";"2018-08-13T09:39:06.000Z";"2018-08-13T17:29:07.000Z";"2781";6341.36;6537.05;6225.72;6297.57;4083980000;108369686635;"2018-08-13T23:59:59.999Z"
"2018-08-12T00:00:00.000Z";"2018-08-12T23:59:59.999Z";"2018-08-12T19:44:05.000Z";"2018-08-12T00:19:04.000Z";"2781";6283.65;6409.85;6237.5;6322.69;5665250000;108790259014;"2018-08-12T23:59:59.999Z"
"2018-08-11T00:00:00.000Z";"2018-08-11T23:59:59.999Z";"2018-08-11T18:09:04.000Z";"2018-08-11T07:29:03.000Z";"2781";6185.79;6455.74;6109.03;6295.73;4047850000;108314257212;"2018-08-11T23:59:59.999Z"
"2018-08-10T00:00:00.000Z";"2018-08-10T23:59:59.999Z";"2018-08-10T00:59:00.000Z";"2018-08-10T23:19:02.000Z";"2781";6571.42;6591.26;6124.52;6184.71;4528680000;106390927598;"2018-08-10T23:59:59.999Z"
"2018-08-09T00:00:00.000Z";"2018-08-09T23:59:59.999Z";"2018-08-09T22:59:00.000Z";"2018-08-09T13:39:00.000Z";"2781";6305.56;6625.73;6249.07;6568.23;4267040000;112973963230;"2018-08-09T23:59:59.999Z"
"2018-08-08T00:00:00.000Z";"2018-08-08T23:59:59.999Z";"2018-08-08T00:04:00.000Z";"2018-08-08T18:44:02.000Z";"2781";6746.85;6746.85;6226.22;6305.8;5064430000;108448409560;"2018-08-08T23:59:59.999Z"
"2018-08-07T00:00:00.000Z";"2018-08-07T23:59:59.999Z";"2018-08-07T16:39:00.000Z";"2018-08-07T23:29:00.000Z";"2781";6958.32;7146.56;6748.24;6753.12;4682800000;116128339800;"2018-08-07T23:59:59.999Z"
"2018-08-06T00:00:00.000Z";"2018-08-06T23:59:59.999Z";"2018-08-06T02:49:00.000Z";"2018-08-06T22:44:00.000Z";"2781";7062.94;7166.55;6890.54;6951.8;3925900000;119531508535;"2018-08-06T23:59:59.999Z"
"2018-08-05T00:00:00.000Z";"2018-08-05T23:59:59.999Z";"2018-08-05T21:19:00.000Z";"2018-08-05T01:19:00.000Z";"2781";7031.08;7102.77;6940.7;7068.48;3679110000;121526079384;"2018-08-05T23:59:59.999Z"
"2018-08-04T00:00:00.000Z";"2018-08-04T23:59:59.999Z";"2018-08-04T02:09:00.000Z";"2018-08-04T17:39:01.000Z";"2781";7438.67;7497.49;6984.07;7032.85;4268390000;120899698889;"2018-08-04T23:59:59.999Z"
"2018-08-03T00:00:00.000Z";"2018-08-03T23:59:59.999Z";"2018-08-03T00:04:05.000Z";"2018-08-03T04:49:07.000Z";"2781";7562.14;7562.14;7328.65;7434.39;4627150000;127785826655;"2018-08-03T23:59:59.999Z"
"2018-08-02T00:00:00.000Z";"2018-08-02T23:59:59.999Z";"2018-08-02T02:39:00.000Z";"2018-08-02T13:39:00.000Z";"2781";7634.19;7712.77;7523.44;7567.15;4214110000;130052066760;"2018-08-02T23:59:59.999Z"
"2018-08-01T00:00:00.000Z";"2018-08-01T23:59:59.999Z";"2018-08-01T00:04:00.000Z";"2018-08-01T22:09:00.000Z";"2781";7769.04;7769.04;7504.95;7624.91;4797620000;131030166771;"2018-08-01T23:59:59.999Z"
"2018-07-31T00:00:00.000Z";"2018-07-31T23:59:59.999Z";"2018-07-31T00:09:02.000Z";"2018-07-31T23:29:00.000Z";"2781";8181.2;8181.53;7696.93;7780.44;5287530000;133688476220;"2018-07-31T23:59:59.999Z"
"2018-07-30T00:00:00.000Z";"2018-07-30T23:59:59.999Z";"2018-07-30T01:39:02.000Z";"2018-07-30T18:14:00.000Z";"2781";8221.58;8235.5;7917.5;8180.48;5551400000;140547190784;"2018-07-30T23:59:59.999Z"
"2018-07-29T00:00:00.000Z";"2018-07-29T23:59:59.999Z";"2018-07-29T02:24:03.000Z";"2018-07-29T11:39:14.000Z";"2781";8205.8203125;8272.259765625;8141.1801757813;8218.4599609375;4107190016;141185844808;"2018-07-29T23:59:59.999Z"
"2018-07-28T00:00:00.000Z";"2018-07-28T23:59:59.999Z";"2018-07-28T05:49:09.000Z";"2018-07-28T15:59:15.000Z";"2781";8169.0600585938;8222.849609375;8110.7700195313;8192.150390625;3988750080;140716560550;"2018-07-28T23:59:59.999Z"
"2018-07-27T00:00:00.000Z";"2018-07-27T23:59:59.999Z";"2018-07-27T19:04:03.000Z";"2018-07-27T13:09:02.000Z";"2781";7950.3999023438;8262.66015625;7839.759765625;8165.009765625;5195879936;140235573607;"2018-07-27T23:59:59.999Z"
"2018-07-26T00:00:00.000Z";"2018-07-26T23:59:59.999Z";"2018-07-26T10:39:00.000Z";"2018-07-26T23:19:02.000Z";"2781";8176.8500976563;8290.330078125;7878.7099609375;7951.580078125;4899089920;136553079708;"2018-07-26T23:59:59.999Z"
"2018-07-25T00:00:00.000Z";"2018-07-25T23:59:59.999Z";"2018-07-25T00:34:00.000Z";"2018-07-25T15:54:00.000Z";"2781";8379.66015625;8416.8701171875;8086.3598632813;8181.3901367188;5845400064;140482950401;"2018-07-25T23:59:59.999Z"
"2018-07-24T00:00:00.000Z";"2018-07-24T23:59:59.999Z";"2018-07-24T23:59:00.000Z";"2018-07-24T00:49:00.000Z";"2781";7716.509765625;8424.26953125;7705.5;8424.26953125;7277689856;144634918474;"2018-07-24T23:59:59.999Z"
"2018-07-23T00:00:00.000Z";"2018-07-23T23:59:59.999Z";"2018-07-23T19:34:00.000Z";"2018-07-23T00:09:00.000Z";"2781";7414.7099609375;7771.5;7409.1000976563;7711.1098632813;5132480000;132375368459;"2018-07-23T23:59:59.999Z"
"2018-07-22T00:00:00.000Z";"2018-07-22T23:59:59.999Z";"2018-07-22T21:19:01.000Z";"2018-07-22T22:09:00.000Z";"2781";7417.7998046875;7537.9501953125;7383.8198242188;7418.490234375;3695460096;127336615249;"2018-07-22T23:59:59.999Z"
"2018-07-21T00:00:00.000Z";"2018-07-21T23:59:59.999Z";"2018-07-21T18:39:00.000Z";"2018-07-21T01:14:00.000Z";"2781";7352.7202148438;7437.6401367188;7262.41015625;7419.2900390625;3726609920;127333468174;"2018-07-21T23:59:59.999Z"
"2018-07-20T00:00:00.000Z";"2018-07-20T23:59:59.999Z";"2018-07-20T16:54:00.000Z";"2018-07-20T22:24:00.000Z";"2781";7467.3999023438;7594.669921875;7323.259765625;7354.1298828125;4936869888;126202570251;"2018-07-20T23:59:59.999Z"
"2018-07-19T00:00:00.000Z";"2018-07-19T23:59:59.999Z";"2018-07-19T23:09:00.000Z";"2018-07-19T01:29:00.000Z";"2781";7378.2001953125;7494.4599609375;7295.4599609375;7466.8598632813;5111629824;128122730711;"2018-07-19T23:59:59.999Z"
"2018-07-18T00:00:00.000Z";"2018-07-18T23:59:59.999Z";"2018-07-18T18:14:00.000Z";"2018-07-18T20:44:00.000Z";"2781";7315.3198242188;7534.990234375;7280.4702148438;7370.7797851563;6103410176;126458165406;"2018-07-18T23:59:59.999Z"
"2018-07-17T00:00:00.000Z";"2018-07-17T23:59:59.999Z";"2018-07-17T18:29:02.000Z";"2018-07-17T06:59:00.000Z";"2781";6739.6499023438;7387.240234375;6684.169921875;7321.0400390625;5961950208;125588963706;"2018-07-17T23:59:59.999Z"
"2018-07-16T00:00:00.000Z";"2018-07-16T23:59:59.999Z";"2018-07-16T23:59:00.000Z";"2018-07-16T00:04:00.000Z";"2781";6357.009765625;6741.75;6357.009765625;6741.75;4725799936;115638203962;"2018-07-16T23:59:59.999Z"
"2018-07-15T00:00:00.000Z";"2018-07-15T23:59:59.999Z";"2018-07-15T16:49:00.000Z";"2018-07-15T02:14:00.000Z";"2781";6272.7001953125;6403.4599609375;6256.509765625;6359.6401367188;3285459968;109074579938;"2018-07-15T23:59:59.999Z"
"2018-07-14T00:00:00.000Z";"2018-07-14T23:59:59.999Z";"2018-07-14T20:44:00.000Z";"2018-07-14T09:49:00.000Z";"2781";6247.5;6298.1899414063;6212.2202148438;6276.1201171875;2923670016;107631453835;"2018-07-14T23:59:59.999Z"
"2018-07-13T00:00:00.000Z";"2018-07-13T23:59:59.999Z";"2018-07-13T18:29:00.000Z";"2018-07-13T20:09:00.000Z";"2781";6235.0297851563;6310.5498046875;6192.240234375;6238.0498046875;3805400064;106968440793;"2018-07-13T23:59:59.999Z"
"2018-07-12T00:00:00.000Z";"2018-07-12T23:59:59.999Z";"2018-07-12T00:14:00.000Z";"2018-07-12T23:44:00.000Z";"2781";6396.7797851563;6397.1000976563;6136.419921875;6228.8100585938;3770170112;106798864820;"2018-07-12T23:59:59.999Z"
"2018-07-11T00:00:00.000Z";"2018-07-11T23:59:59.999Z";"2018-07-11T14:59:00.000Z";"2018-07-11T00:09:00.000Z";"2781";6330.7700195313;6444.9599609375;6330.4702148438;6394.7099609375;3644859904;109631867446;"2018-07-11T23:59:59.999Z"
"2018-07-10T00:00:00.000Z";"2018-07-10T23:59:59.999Z";"2018-07-10T00:44:02.000Z";"2018-07-10T23:29:00.000Z";"2781";6739.2099609375;6767.740234375;6320.7202148438;6329.9501953125;4052430080;108511009626;"2018-07-10T23:59:59.999Z"
"2018-07-09T00:00:00.000Z";"2018-07-09T23:59:59.999Z";"2018-07-09T22:19:00.000Z";"2018-07-09T23:34:00.000Z";"2781";6775.080078125;6838.6801757813;6724.33984375;6741.75;3718129920;115557889495;"2018-07-09T23:59:59.999Z"
"2018-07-08T00:00:00.000Z";"2018-07-08T23:59:59.999Z";"2018-07-08T15:44:00.000Z";"2018-07-08T23:34:00.000Z";"2781";6857.7998046875;6885.91015625;6747.9799804688;6773.8798828125;3386210048;116097021279;"2018-07-08T23:59:59.999Z"
"2018-07-07T00:00:00.000Z";"2018-07-07T23:59:59.999Z";"2018-07-07T23:54:00.000Z";"2018-07-07T13:24:00.000Z";"2781";6668.7099609375;6863.990234375;6579.240234375;6856.9301757813;3961080064;117506606000;"2018-07-07T23:59:59.999Z"
"2018-07-06T00:00:00.000Z";"2018-07-06T23:59:59.999Z";"2018-07-06T22:14:00.000Z";"2018-07-06T07:09:00.000Z";"2781";6638.6899414063;6700.9399414063;6533.5498046875;6673.5;4313959936;114350502582;"2018-07-06T23:59:59.999Z"
"2018-07-05T00:00:00.000Z";"2018-07-05T23:59:59.999Z";"2018-07-05T11:09:00.000Z";"2018-07-05T19:14:00.000Z";"2781";6599.7099609375;6749.5400390625;6546.6499023438;6639.1401367188;4999240192;113748385620;"2018-07-05T23:59:59.999Z"
"2018-07-04T00:00:00.000Z";"2018-07-04T23:59:59.999Z";"2018-07-04T13:19:00.000Z";"2018-07-04T01:19:00.000Z";"2781";6550.8701171875;6771.919921875;6450.4599609375;6597.5498046875;4176689920;113024522547;"2018-07-04T23:59:59.999Z"
"2018-07-03T00:00:00.000Z";"2018-07-03T23:59:59.999Z";"2018-07-03T04:44:00.000Z";"2018-07-03T23:04:00.000Z";"2781";6596.66015625;6671.3701171875;6447.75;6529.58984375;4672309760;111849428104;"2018-07-03T23:59:59.999Z"
"2018-07-02T00:00:00.000Z";"2018-07-02T23:59:59.999Z";"2018-07-02T15:19:00.000Z";"2018-07-02T06:14:00.000Z";"2781";6380.3798828125;6683.8598632813;6305.7001953125;6614.1801757813;4396930048;113288832522;"2018-07-02T23:59:59.999Z"
"2018-07-01T00:00:00.000Z";"2018-07-01T23:59:59.999Z";"2018-07-01T00:24:00.000Z";"2018-07-01T15:44:00.000Z";"2781";6411.6801757813;6432.8500976563;6289.2900390625;6385.8198242188;4788259840;109366024632;"2018-07-01T23:59:59.999Z"
"2018-06-30T00:00:00.000Z";"2018-06-30T23:59:59.999Z";"2018-06-30T01:49:00.000Z";"2018-06-30T00:04:00.000Z";"2781";6214.2202148438;6465.509765625;6214.2202148438;6404;4543860224;109665618200;"2018-06-30T23:59:59.999Z"
"2018-06-29T00:00:00.000Z";"2018-06-29T23:59:59.999Z";"2018-06-29T23:39:00.000Z";"2018-06-29T05:09:00.000Z";"2781";5898.1298828125;6261.66015625;5835.75;6218.2998046875;3966230016;106474707240;"2018-06-29T23:59:59.999Z"
"2018-06-28T00:00:00.000Z";"2018-06-28T23:59:59.999Z";"2018-06-28T00:24:38.000Z";"2018-06-28T23:44:00.000Z";"2781";6153.16015625;6170.41015625;5873.0498046875;5903.4399414063;3467800064;101072353482;"2018-06-28T23:59:59.999Z"
"2018-06-27T00:00:00.000Z";"2018-06-27T23:59:59.999Z";"2018-06-27T23:24:36.000Z";"2018-06-27T14:59:36.000Z";"2781";6084.3999023438;6180;6052.8500976563;6157.1298828125;3296219904;105403600614;"2018-06-27T23:59:59.999Z"
"2018-06-26T00:00:00.000Z";"2018-06-26T23:59:59.999Z";"2018-06-26T05:39:35.000Z";"2018-06-26T23:59:36.000Z";"2781";6253.5498046875;6290.16015625;6093.669921875;6093.669921875;3279759872;104307939200;"2018-06-26T23:59:59.999Z"
"2018-06-25T00:00:00.000Z";"2018-06-25T23:59:59.999Z";"2018-06-25T16:14:35.000Z";"2018-06-25T12:49:35.000Z";"2781";6171.9702148438;6327.3701171875;6119.6801757813;6249.1801757813;5500810240;106958465208;"2018-06-25T23:59:59.999Z"
"2018-06-24T00:00:00.000Z";"2018-06-24T23:59:59.999Z";"2018-06-24T17:34:33.000Z";"2018-06-24T16:04:34.000Z";"2781";6164.2797851563;6223.7797851563;5826.41015625;6173.2299804688;4566909952;105646571668;"2018-06-24T23:59:59.999Z"
"2018-06-23T00:00:00.000Z";"2018-06-23T23:59:59.999Z";"2018-06-23T22:09:34.000Z";"2018-06-23T06:39:34.000Z";"2781";6090.1000976563;6224.8198242188;6071.8100585938;6162.4799804688;3431360000;105449276520;"2018-06-23T23:59:59.999Z"
"2018-06-22T00:00:00.000Z";"2018-06-22T23:59:59.999Z";"2018-06-22T00:54:37.000Z";"2018-06-22T21:19:36.000Z";"2781";6737.8798828125;6747.080078125;6006.6000976563;6083.6899414063;5079810048;104088814967;"2018-06-22T23:59:59.999Z"
"2018-06-21T00:00:00.000Z";"2018-06-21T23:59:59.999Z";"2018-06-21T02:59:37.000Z";"2018-06-21T13:54:36.000Z";"2781";6780.08984375;6810.9399414063;6715.169921875;6729.740234375;3529129984;115129700024;"2018-06-21T23:59:59.999Z"
"2018-06-20T00:00:00.000Z";"2018-06-20T23:59:59.999Z";"2018-06-20T16:34:38.000Z";"2018-06-20T01:24:37.000Z";"2781";6770.759765625;6821.5600585938;6611.8798828125;6776.5498046875;3888640000;115916357344;"2018-06-20T23:59:59.999Z"
"2018-06-19T00:00:00.000Z";"2018-06-19T23:59:59.999Z";"2018-06-19T13:24:36.000Z";"2018-06-19T03:59:35.000Z";"2781";6742.3901367188;6822.5;6709.919921875;6769.9399414063;4057029888;115789919278;"2018-06-19T23:59:59.999Z"
"2018-06-18T00:00:00.000Z";"2018-06-18T23:59:59.999Z";"2018-06-18T17:24:34.000Z";"2018-06-18T11:39:34.000Z";"2781";6510.0698242188;6781.1401367188;6446.6801757813;6734.8198242188;4039200000;115176197712;"2018-06-18T23:59:59.999Z"
"2018-06-17T00:00:00.000Z";"2018-06-17T23:59:59.999Z";"2018-06-17T08:44:33.000Z";"2018-06-17T23:59:33.000Z";"2781";6545.5297851563;6589.1098632813;6499.2700195313;6499.2700195313;3104019968;111134754810;"2018-06-17T23:59:59.999Z"
"2018-06-16T00:00:00.000Z";"2018-06-16T23:59:59.999Z";"2018-06-16T22:44:34.000Z";"2018-06-16T15:54:34.000Z";"2781";6455.4501953125;6592.490234375;6402.2900390625;6550.16015625;3194170112;111992015616;"2018-06-16T23:59:59.999Z"
"2018-06-15T00:00:00.000Z";"2018-06-15T23:59:59.999Z";"2018-06-15T00:09:35.000Z";"2018-06-15T23:19:28.000Z";"2781";6674.080078125;6681.080078125;6433.8701171875;6456.580078125;3955389952;110378702283;"2018-06-15T23:59:59.999Z"
"2018-06-14T00:00:00.000Z";"2018-06-14T23:59:59.999Z";"2018-06-14T21:49:33.000Z";"2018-06-14T01:04:31.000Z";"2781";6342.75;6707.1401367188;6334.4599609375;6675.3500976563;5138710016;114106009748;"2018-06-14T23:59:59.999Z"
"2018-06-13T00:00:00.000Z";"2018-06-13T23:59:59.999Z";"2018-06-13T05:14:33.000Z";"2018-06-13T16:54:34.000Z";"2781";6596.8798828125;6631.66015625;6285.6298828125;6349.8999023438;5052349952;108530585830;"2018-06-13T23:59:59.999Z"
"2018-06-12T00:00:00.000Z";"2018-06-12T23:59:59.999Z";"2018-06-12T02:19:33.000Z";"2018-06-12T19:29:31.000Z";"2781";6905.8198242188;6907.9599609375;6542.080078125;6582.3598632813;4654380032;112491874164;"2018-06-12T23:59:59.999Z"
"2018-06-11T00:00:00.000Z";"2018-06-11T23:59:59.999Z";"2018-06-11T23:49:30.000Z";"2018-06-11T08:09:33.000Z";"2781";6799.2900390625;6910.1801757813;6706.6298828125;6906.919921875;4745269760;118025877189;"2018-06-11T23:59:59.999Z"
"2018-06-10T00:00:00.000Z";"2018-06-10T23:59:59.999Z";"2018-06-10T00:04:35.000Z";"2018-06-10T23:14:34.000Z";"2781";7499.5498046875;7499.5498046875;6709.0698242188;6786.0200195313;5804839936;115948312827;"2018-06-10T23:59:59.999Z"
"2018-06-09T00:00:00.000Z";"2018-06-09T23:59:59.999Z";"2018-06-09T06:39:34.000Z";"2018-06-09T23:59:36.000Z";"2781";7632.5200195313;7683.580078125;7531.9799804688;7531.9799804688;3845220096;128682085689;"2018-06-09T23:59:59.999Z"
"2018-06-08T00:00:00.000Z";"2018-06-08T23:59:59.999Z";"2018-06-08T00:54:34.000Z";"2018-06-08T13:09:34.000Z";"2781";7685.1401367188;7698.1899414063;7558.3999023438;7624.919921875;4227579904;130256218613;"2018-06-08T23:59:59.999Z"
"2018-06-07T00:00:00.000Z";"2018-06-07T23:59:59.999Z";"2018-06-07T01:34:35.000Z";"2018-06-07T00:04:35.000Z";"2781";7650.8198242188;7741.2700195313;7650.8198242188;7678.240234375;4485799936;131153169176;"2018-06-07T23:59:59.999Z"
"2018-06-06T00:00:00.000Z";"2018-06-06T23:59:59.999Z";"2018-06-06T21:39:35.000Z";"2018-06-06T18:39:36.000Z";"2781";7625.9702148438;7680.4301757813;7502.009765625;7653.9799804688;4692259840;130725095161;"2018-06-06T23:59:59.999Z"
"2018-06-05T00:00:00.000Z";"2018-06-05T23:59:59.999Z";"2018-06-05T18:54:36.000Z";"2018-06-05T05:04:38.000Z";"2781";7500.8999023438;7643.2299804688;7397;7633.759765625;4961739776;130365918088;"2018-06-05T23:59:59.999Z"
"2018-06-04T00:00:00.000Z";"2018-06-04T23:59:59.999Z";"2018-06-04T00:39:34.000Z";"2018-06-04T00:14:42.000Z";"2781";7722.525390625;7753.8203125;7705.9887695313;7736.88671875;4909437440;132092926902.7;"2018-06-04T23:59:59.999Z"
"2018-06-03T00:00:00.000Z";"2018-06-03T23:59:59.999Z";"2018-06-03T23:09:35.000Z";"2018-06-03T23:04:34.000Z";"2781";7705.0063476563;7720.9350585938;7705.0063476563;7720.25;4851759616;131808021256.25;"2018-06-03T23:59:59.999Z"
"2018-06-02T00:00:00.000Z";"2018-06-02T23:59:59.999Z";"2018-06-02T20:59:34.000Z";"2018-06-02T01:24:34.000Z";"2781";7536.7202148438;7695.830078125;7497.259765625;7643.4501953125;4939299840;130481526036;"2018-06-02T23:59:59.999Z"
"2018-06-01T00:00:00.000Z";"2018-06-01T23:59:59.999Z";"2018-06-01T07:49:34.000Z";"2018-06-01T12:44:26.000Z";"2781";7500.7001953125;7604.7299804688;7407.33984375;7541.4501953125;4921460224;128725854692;"2018-06-01T23:59:59.999Z"
"2018-05-31T00:00:00.000Z";"2018-05-31T23:59:59.999Z";"2018-05-31T17:54:31.000Z";"2018-05-31T02:14:31.000Z";"2781";7406.1499023438;7608.8999023438;7361.1298828125;7494.169921875;5127130112;127902999390;"2018-05-31T23:59:59.999Z"
"2018-05-30T00:00:00.000Z";"2018-05-30T23:59:59.999Z";"2018-05-30T01:29:31.000Z";"2018-05-30T17:14:33.000Z";"2781";7469.7299804688;7573.7700195313;7313.6000976563;7406.5200195313;4922540032;126391893474;"2018-05-30T23:59:59.999Z"
"2018-05-29T00:00:00.000Z";"2018-05-29T23:59:59.999Z";"2018-05-29T20:49:33.000Z";"2018-05-29T01:49:33.000Z";"2781";7129.4599609375;7526.419921875;7090.6801757813;7472.58984375;5662660096;127502651064;"2018-05-29T23:59:59.999Z"
"2018-05-28T00:00:00.000Z";"2018-05-28T23:59:59.999Z";"2018-05-28T03:59:31.000Z";"2018-05-28T22:39:33.000Z";"2781";7371.3100585938;7419.0498046875;7100.8901367188;7135.990234375;5040600064;121747389422;"2018-05-28T23:59:59.999Z"
"2018-05-27T00:00:00.000Z";"2018-05-27T23:59:59.999Z";"2018-05-27T18:14:31.000Z";"2018-05-27T00:34:33.000Z";"2781";7362.080078125;7381.740234375;7270.9599609375;7368.2202148438;4056519936;125695017596;"2018-05-27T23:59:59.999Z"
"2018-05-26T00:00:00.000Z";"2018-05-26T23:59:59.999Z";"2018-05-26T07:39:32.000Z";"2018-05-26T23:04:32.000Z";"2781";7486.4799804688;7595.16015625;7349.1201171875;7355.8798828125;4051539968;125469061263;"2018-05-26T23:59:59.999Z"
"2018-05-25T00:00:00.000Z";"2018-05-25T23:59:59.999Z";"2018-05-25T06:14:33.000Z";"2018-05-25T11:14:32.000Z";"2781";7592.2998046875;7659.1401367188;7392.6499023438;7480.1401367188;4867829760;127573690458;"2018-05-25T23:59:59.999Z"
"2018-05-24T00:00:00.000Z";"2018-05-24T23:59:59.999Z";"2018-05-24T05:29:33.000Z";"2018-05-24T09:29:34.000Z";"2781";7561.1201171875;7738.6000976563;7331.1401367188;7587.33984375;6049220096;129385391552;"2018-05-24T23:59:59.999Z"
"2018-05-23T00:00:00.000Z";"2018-05-23T23:59:59.999Z";"2018-05-23T00:24:34.000Z";"2018-05-23T17:59:33.000Z";"2781";8037.080078125;8054.66015625;7507.8798828125;7557.8198242188;6491120128;128868479514;"2018-05-23T23:59:59.999Z"
"2018-05-22T00:00:00.000Z";"2018-05-22T23:59:59.999Z";"2018-05-22T00:24:32.000Z";"2018-05-22T22:59:34.000Z";"2781";8419.8701171875;8423.25;8004.580078125;8041.7797851563;5137010176;137104106176;"2018-05-22T23:59:59.999Z"
"2018-05-21T00:00:00.000Z";"2018-05-21T23:59:59.999Z";"2018-05-21T07:04:32.000Z";"2018-05-21T18:19:32.000Z";"2781";8522.330078125;8557.51953125;8365.1201171875;8418.990234375;5154990080;143518943480;"2018-05-21T23:59:59.999Z"
"2018-05-20T00:00:00.000Z";"2018-05-20T23:59:59.999Z";"2018-05-20T21:14:30.000Z";"2018-05-20T01:14:32.000Z";"2781";8246.990234375;8562.41015625;8205.240234375;8513.25;5191059968;145109512565;"2018-05-20T23:59:59.999Z"
"2018-05-19T00:00:00.000Z";"2018-05-19T23:59:59.999Z";"2018-05-19T13:24:33.000Z";"2018-05-19T08:14:33.000Z";"2781";8255.73046875;8372.0595703125;8183.3500976563;8247.1796875;4712399872;140559162894;"2018-05-19T23:59:59.999Z"
"2018-05-18T00:00:00.000Z";"2018-05-18T23:59:59.999Z";"2018-05-18T19:24:31.000Z";"2018-05-18T01:04:32.000Z";"2781";8091.830078125;8274.1201171875;7974.8198242188;8250.9697265625;5764190208;140607667610;"2018-05-18T23:59:59.999Z"
"2018-05-17T00:00:00.000Z";"2018-05-17T23:59:59.999Z";"2018-05-17T03:19:32.000Z";"2018-05-17T23:44:32.000Z";"2781";8370.0498046875;8445.5400390625;8054.1201171875;8094.3198242188;5862530048;137923772714;"2018-05-17T23:59:59.999Z"
"2018-05-16T00:00:00.000Z";"2018-05-16T23:59:59.999Z";"2018-05-16T00:34:31.000Z";"2018-05-16T03:04:33.000Z";"2781";8504.41015625;8508.4296875;8175.490234375;8368.830078125;6760220160;142587497878;"2018-05-16T23:59:59.999Z"
"2018-05-15T00:00:00.000Z";"2018-05-15T23:59:59.999Z";"2018-05-15T10:49:32.000Z";"2018-05-15T22:59:33.000Z";"2781";8705.1904296875;8836.1904296875;8456.4501953125;8510.3798828125;6705710080;144979744412;"2018-05-15T23:59:59.999Z"
"2018-05-14T00:00:00.000Z";"2018-05-14T23:59:59.999Z";"2018-05-14T20:49:31.000Z";"2018-05-14T05:24:32.000Z";"2781";8713.099609375;8881.1201171875;8367.9697265625;8716.7900390625;7364149760;148480275422;"2018-05-14T23:59:59.999Z"
"2018-05-13T00:00:00.000Z";"2018-05-13T23:59:59.999Z";"2018-05-13T21:19:32.000Z";"2018-05-13T05:29:32.000Z";"2781";8515.490234375;8773.5498046875;8395.1201171875;8723.9404296875;5866379776;148587777457;"2018-05-13T23:59:59.999Z"
"2018-05-12T00:00:00.000Z";"2018-05-12T23:59:59.999Z";"2018-05-12T13:04:32.000Z";"2018-05-12T06:29:33.000Z";"2781";8441.4404296875;8664.8603515625;8223.5;8504.8896484375;6821380096;144841040789;"2018-05-12T23:59:59.999Z"
"2018-05-11T00:00:00.000Z";"2018-05-11T23:59:59.999Z";"2018-05-11T00:04:33.000Z";"2018-05-11T21:59:33.000Z";"2781";9052.9599609375;9052.9599609375;8394.4599609375;8441.490234375;8488520192;143743802092;"2018-05-11T23:59:59.999Z"
"2018-05-10T00:00:00.000Z";"2018-05-10T23:59:59.999Z";"2018-05-10T13:44:32.000Z";"2018-05-10T23:54:32.000Z";"2781";9325.9599609375;9396.0400390625;9040.51953125;9043.9404296875;6906699776;153988453198;"2018-05-10T23:59:59.999Z"
"2018-05-09T00:00:00.000Z";"2018-05-09T23:59:59.999Z";"2018-05-09T17:24:31.000Z";"2018-05-09T04:19:31.000Z";"2781";9223.73046875;9374.759765625;9031.6201171875;9325.1796875;7226890240;158758858205;"2018-05-09T23:59:59.999Z"
"2018-05-08T00:00:00.000Z";"2018-05-08T23:59:59.999Z";"2018-05-08T02:49:33.000Z";"2018-05-08T12:14:32.000Z";"2781";9380.8701171875;9462.75;9127.76953125;9234.8203125;7415869952;157202142973;"2018-05-08T23:59:59.999Z"
"2018-05-07T00:00:00.000Z";"2018-05-07T23:59:59.999Z";"2018-05-07T00:19:31.000Z";"2018-05-07T14:24:31.000Z";"2781";9645.669921875;9665.849609375;9231.5302734375;9373.009765625;7394019840;159538115686;"2018-05-07T23:59:59.999Z"
"2018-05-06T00:00:00.000Z";"2018-05-06T23:59:59.999Z";"2018-05-06T01:04:31.000Z";"2018-05-06T12:24:32.000Z";"2781";9845.3095703125;9940.1396484375;9465.25;9654.7998046875;7222280192;164316605278;"2018-05-06T23:59:59.999Z"
"2018-05-05T00:00:00.000Z";"2018-05-05T23:59:59.999Z";"2018-05-05T13:24:33.000Z";"2018-05-05T00:09:33.000Z";"2781";9700.2802734375;9964.5;9695.1201171875;9858.150390625;7651939840;167759953654;"2018-05-05T23:59:59.999Z"
"2018-05-04T00:00:00.000Z";"2018-05-04T23:59:59.999Z";"2018-05-04T09:04:32.000Z";"2018-05-04T00:44:32.000Z";"2781";9695.5;9779.2001953125;9585.9599609375;9700.759765625;8217829888;165062796742;"2018-05-04T23:59:59.999Z"
"2018-05-03T00:00:00.000Z";"2018-05-03T23:59:59.999Z";"2018-05-03T23:19:32.000Z";"2018-05-03T05:59:32.000Z";"2781";9233.9697265625;9798.330078125;9188.150390625;9743.8603515625;10207299584;165778380092;"2018-05-03T23:59:59.999Z"
"2018-05-02T00:00:00.000Z";"2018-05-02T23:59:59.999Z";"2018-05-02T21:49:31.000Z";"2018-05-02T01:39:30.000Z";"2781";9104.599609375;9256.51953125;9015.1396484375;9235.919921875;7558159872;157119854754;"2018-05-02T23:59:59.999Z"
"2018-05-01T00:00:00.000Z";"2018-05-01T23:59:59.999Z";"2018-05-01T00:09:31.000Z";"2018-05-01T12:44:30.000Z";"2781";9251.4697265625;9255.8798828125;8891.0498046875;9119.009765625;7713019904;155114132125;"2018-05-01T23:59:59.999Z"
"2018-04-30T00:00:00.000Z";"2018-04-30T23:59:59.999Z";"2018-04-30T03:09:35.000Z";"2018-04-30T08:49:35.000Z";"2781";9426.1103515625;9477.1396484375;9166.8095703125;9240.5498046875;8673920000;157163847314;"2018-04-30T23:59:59.999Z"
"2018-04-29T00:00:00.000Z";"2018-04-29T23:59:59.999Z";"2018-04-29T02:24:32.000Z";"2018-04-29T10:59:35.000Z";"2781";9346.41015625;9531.490234375;9193.7099609375;9419.080078125;8853000192;160182287342;"2018-04-29T23:59:59.999Z"
"2018-04-28T00:00:00.000Z";"2018-04-28T23:59:59.999Z";"2018-04-28T14:19:35.000Z";"2018-04-28T00:09:35.000Z";"2781";8939.26953125;9412.08984375;8931.990234375;9348.48046875;7805479936;158963068374;"2018-04-28T23:59:59.999Z"
"2018-04-27T00:00:00.000Z";"2018-04-27T23:59:59.999Z";"2018-04-27T10:49:35.000Z";"2018-04-27T23:59:35.000Z";"2781";9290.6298828125;9375.4697265625;8987.0498046875;8987.0498046875;7566289920;152802874822;"2018-04-27T23:59:59.999Z"
"2018-04-26T00:00:00.000Z";"2018-04-26T23:59:59.999Z";"2018-04-26T23:59:33.000Z";"2018-04-26T00:34:34.000Z";"2781";8867.3203125;9281.509765625;8727.08984375;9281.509765625;8970559488;157793327246;"2018-04-26T23:59:59.999Z"
"2018-04-25T00:00:00.000Z";"2018-04-25T23:59:59.999Z";"2018-04-25T02:59:36.000Z";"2018-04-25T14:59:36.000Z";"2781";9701.0302734375;9745.3203125;8799.83984375;8845.740234375;11083100160;150369282696;"2018-04-25T23:59:59.999Z"
"2018-04-24T00:00:00.000Z";"2018-04-24T23:59:59.999Z";"2018-04-24T23:54:36.000Z";"2018-04-24T00:14:31.000Z";"2781";8934.33984375;9732.6103515625;8927.830078125;9697.5;10678800384;164833256250;"2018-04-24T23:59:59.999Z"
"2018-04-23T00:00:00.000Z";"2018-04-23T23:59:59.999Z";"2018-04-23T12:34:30.000Z";"2018-04-23T00:09:29.000Z";"2781";8794.3896484375;8958.5498046875;8788.8095703125;8930.8798828125;6925190144;151784994312;"2018-04-23T23:59:59.999Z"
"2018-04-22T00:00:00.000Z";"2018-04-22T23:59:59.999Z";"2018-04-22T11:49:29.000Z";"2018-04-22T23:44:31.000Z";"2781";8925.0595703125;9001.6396484375;8779.6103515625;8802.4599609375;6629899776;149585589886;"2018-04-22T23:59:59.999Z"
"2018-04-21T00:00:00.000Z";"2018-04-21T23:59:59.999Z";"2018-04-21T07:34:32.000Z";"2018-04-21T11:39:33.000Z";"2781";8848.7900390625;8997.5703125;8652.150390625;8895.580078125;7548550144;151150137128;"2018-04-21T23:59:59.999Z"
"2018-04-20T00:00:00.000Z";"2018-04-20T23:59:59.999Z";"2018-04-20T22:59:34.000Z";"2018-04-20T05:14:34.000Z";"2781";8286.8798828125;8880.23046875;8244.5400390625;8845.830078125;8438110208;150287113368;"2018-04-20T23:59:59.999Z"
"2018-04-19T00:00:00.000Z";"2018-04-19T23:59:59.999Z";"2018-04-19T22:34:31.000Z";"2018-04-19T00:34:33.000Z";"2781";8159.2700195313;8298.6904296875;8138.7797851563;8294.3095703125;7063209984;140902801023;"2018-04-19T23:59:59.999Z"
"2018-04-18T00:00:00.000Z";"2018-04-18T23:59:59.999Z";"2018-04-18T22:19:30.000Z";"2018-04-18T01:14:34.000Z";"2781";7944.4301757813;8197.7998046875;7886.009765625;8163.419921875;6529909760;138661092884;"2018-04-18T23:59:59.999Z"
"2018-04-17T00:00:00.000Z";"2018-04-17T23:59:59.999Z";"2018-04-17T14:14:34.000Z";"2018-04-17T22:39:34.000Z";"2781";8071.66015625;8285.9599609375;7881.7202148438;7902.08984375;6900879872;134206623206;"2018-04-17T23:59:59.999Z"
"2018-04-16T00:00:00.000Z";"2018-04-16T23:59:59.999Z";"2018-04-16T01:14:33.000Z";"2018-04-16T13:34:35.000Z";"2781";8337.5703125;8371.150390625;7925.7299804688;8058.669921875;5631309824;136849408643;"2018-04-16T23:59:59.999Z"
"2018-04-15T00:00:00.000Z";"2018-04-15T23:59:59.999Z";"2018-04-15T14:14:34.000Z";"2018-04-15T00:04:33.000Z";"2781";7999.330078125;8338.419921875;7999.330078125;8329.1103515625;5244480000;141427138383;"2018-04-15T23:59:59.999Z"
"2018-04-14T00:00:00.000Z";"2018-04-14T23:59:59.999Z";"2018-04-14T08:19:34.000Z";"2018-04-14T00:19:34.000Z";"2781";7874.669921875;8140.7099609375;7846;7986.240234375;5191430144;135589384440;"2018-04-14T23:59:59.999Z"
"2018-04-13T00:00:00.000Z";"2018-04-13T23:59:59.999Z";"2018-04-13T12:59:34.000Z";"2018-04-13T01:54:35.000Z";"2781";7901.08984375;8183.9599609375;7758.9301757813;7895.9599609375;7764460032;134043001354;"2018-04-13T23:59:59.999Z"
"2018-04-12T00:00:00.000Z";"2018-04-12T23:59:59.999Z";"2018-04-12T23:39:34.000Z";"2018-04-12T09:59:34.000Z";"2781";6955.3798828125;7899.2299804688;6806.509765625;7889.25;8906250240;133912618634;"2018-04-12T23:59:59.999Z"
"2018-04-11T00:00:00.000Z";"2018-04-11T23:59:59.999Z";"2018-04-11T23:59:34.000Z";"2018-04-11T06:24:28.000Z";"2781";6843.4702148438;6968.3198242188;6817.58984375;6968.3198242188;4641889792;118267198080;"2018-04-11T23:59:59.999Z"
"2018-04-10T00:00:00.000Z";"2018-04-10T23:59:59.999Z";"2018-04-10T22:29:29.000Z";"2018-04-10T08:39:27.000Z";"2781";6795.4399414063;6872.41015625;6704.1499023438;6834.759765625;4272750080;115978358964;"2018-04-10T23:59:59.999Z"
"2018-04-09T00:00:00.000Z";"2018-04-09T23:59:59.999Z";"2018-04-09T09:09:26.000Z";"2018-04-09T20:24:27.000Z";"2781";7044.3198242188;7178.1098632813;6661.990234375;6770.7299804688;4894060032;114886335694;"2018-04-09T23:59:59.999Z"
"2018-04-08T00:00:00.000Z";"2018-04-08T23:59:59.999Z";"2018-04-08T12:24:26.000Z";"2018-04-08T00:04:27.000Z";"2781";6919.9799804688;7111.5600585938;6919.9799804688;7023.5200195313;3652499968;119162880482;"2018-04-08T23:59:59.999Z"
"2018-04-07T00:00:00.000Z";"2018-04-07T23:59:59.999Z";"2018-04-07T16:39:27.000Z";"2018-04-07T00:04:27.000Z";"2781";6630.509765625;7050.5400390625;6630.509765625;6911.08984375;3976610048;117241368688;"2018-04-07T23:59:59.999Z"
"2018-04-06T00:00:00.000Z";"2018-04-06T23:59:59.999Z";"2018-04-06T05:14:28.000Z";"2018-04-06T11:04:27.000Z";"2781";6815.9599609375;6857.490234375;6575;6636.3198242188;3766810112;112565173568;"2018-04-06T23:59:59.999Z"
"2018-04-05T00:00:00.000Z";"2018-04-05T23:59:59.999Z";"2018-04-05T09:09:25.000Z";"2018-04-05T01:59:27.000Z";"2781";6848.6499023438;6933.8198242188;6644.7998046875;6811.4702148438;5639320064;115524404354;"2018-04-05T23:59:59.999Z"
"2018-04-04T00:00:00.000Z";"2018-04-04T23:59:59.999Z";"2018-04-04T00:54:28.000Z";"2018-04-04T22:49:27.000Z";"2781";7456.41015625;7469.8798828125;6803.8798828125;6853.83984375;4936000000;116229557118;"2018-04-04T23:59:59.999Z"
"2018-04-03T00:00:00.000Z";"2018-04-03T23:59:59.999Z";"2018-04-03T19:39:28.000Z";"2018-04-03T01:49:27.000Z";"2781";7102.259765625;7530.9399414063;7072.490234375;7456.1098632813;5499700224;126429245883;"2018-04-03T23:59:59.999Z"
"2018-04-02T00:00:00.000Z";"2018-04-02T23:59:59.999Z";"2018-04-02T11:34:27.000Z";"2018-04-02T00:24:27.000Z";"2781";6844.8598632813;7135.4702148438;6816.580078125;7083.7998046875;4333440000;120101932910;"2018-04-02T23:59:59.999Z"
"2018-04-01T00:00:00.000Z";"2018-04-01T23:59:59.999Z";"2018-04-01T01:54:26.000Z";"2018-04-01T15:59:27.000Z";"2781";7003.0600585938;7060.9501953125;6526.8701171875;6844.2299804688;4532100096;116026809075;"2018-04-01T23:59:59.999Z"
"2018-03-31T00:00:00.000Z";"2018-03-31T23:59:59.999Z";"2018-03-31T12:49:26.000Z";"2018-03-31T07:09:27.000Z";"2781";6892.4799804688;7207.8500976563;6863.5200195313;6973.5297851563;4553269760;118204645927;"2018-03-31T23:59:59.999Z"
"2018-03-30T00:00:00.000Z";"2018-03-30T23:59:59.999Z";"2018-03-30T08:14:27.000Z";"2018-03-30T17:24:28.000Z";"2781";7171.4501953125;7276.66015625;6683.9301757813;6890.5200195313;6289509888;116786562165;"2018-03-30T23:59:59.999Z"
"2018-03-29T00:00:00.000Z";"2018-03-29T23:59:59.999Z";"2018-03-29T01:14:27.000Z";"2018-03-29T21:54:28.000Z";"2781";7979.0698242188;7994.330078125;7081.3798828125;7165.7001953125;6361229824;121436043045;"2018-03-29T23:59:59.999Z"
"2018-03-28T00:00:00.000Z";"2018-03-28T23:59:59.999Z";"2018-03-28T10:04:27.000Z";"2018-03-28T00:34:25.000Z";"2781";7836.830078125;8122.8901367188;7809.169921875;7954.4799804688;4935289856;134788265876;"2018-03-28T23:59:59.999Z"
"2018-03-27T00:00:00.000Z";"2018-03-27T23:59:59.999Z";"2018-03-27T00:59:26.000Z";"2018-03-27T05:34:27.000Z";"2781";8200;8232.7802734375;7797.2797851563;7833.0400390625;5378250240;132717053150;"2018-03-27T23:59:59.999Z"
"2018-03-26T00:00:00.000Z";"2018-03-26T23:59:59.999Z";"2018-03-26T05:49:27.000Z";"2018-03-26T21:24:27.000Z";"2781";8498.4697265625;8530.080078125;7921.4301757813;8209.400390625;5921039872;139078211968;"2018-03-26T23:59:59.999Z"
"2018-03-25T00:00:00.000Z";"2018-03-25T23:59:59.999Z";"2018-03-25T19:24:27.000Z";"2018-03-25T11:54:27.000Z";"2781";8612.8095703125;8682.009765625;8449.099609375;8495.7802734375;4569880064;143914265310;"2018-03-25T23:59:59.999Z"
"2018-03-24T00:00:00.000Z";"2018-03-24T23:59:59.999Z";"2018-03-24T05:49:26.000Z";"2018-03-24T22:14:27.000Z";"2781";8901.9501953125;8996.1796875;8665.7001953125;8668.1201171875;5664600064;146818882936;"2018-03-24T23:59:59.999Z"
"2018-03-23T00:00:00.000Z";"2018-03-23T23:59:59.999Z";"2018-03-23T23:59:27.000Z";"2018-03-23T13:49:27.000Z";"2781";8736.25;8879.6201171875;8360.6201171875;8879.6201171875;5954120192;150383574951;"2018-03-23T23:59:59.999Z"
"2018-03-22T00:00:00.000Z";"2018-03-22T23:59:59.999Z";"2018-03-22T03:24:25.000Z";"2018-03-22T15:04:27.000Z";"2781";8939.4404296875;9100.7099609375;8564.900390625;8728.4697265625;5530390016;147809220250;"2018-03-22T23:59:59.999Z"
"2018-03-21T00:00:00.000Z";"2018-03-21T23:59:59.999Z";"2018-03-21T15:39:28.000Z";"2018-03-21T17:49:27.000Z";"2781";8937.48046875;9177.3701171875;8846.330078125;8929.2802734375;6043129856;151193917440;"2018-03-21T23:59:59.999Z"
"2018-03-20T00:00:00.000Z";"2018-03-20T23:59:59.999Z";"2018-03-20T20:19:27.000Z";"2018-03-20T09:19:26.000Z";"2781";8619.669921875;9051.01953125;8389.8896484375;8913.4697265625;6361789952;150909503835;"2018-03-20T23:59:59.999Z"
"2018-03-19T00:00:00.000Z";"2018-03-19T23:59:59.999Z";"2018-03-19T14:24:27.000Z";"2018-03-19T10:34:26.000Z";"2781";8344.1201171875;8675.8701171875;8182.3999023438;8630.650390625;6729110016;146107514353;"2018-03-19T23:59:59.999Z"
"2018-03-18T00:00:00.000Z";"2018-03-18T23:59:59.999Z";"2018-03-18T23:24:26.000Z";"2018-03-18T16:14:26.000Z";"2781";7890.5200195313;8245.509765625;7397.990234375;8223.6796875;6639190016;139201713268;"2018-03-18T23:59:59.999Z"
"2018-03-17T00:00:00.000Z";"2018-03-17T23:59:59.999Z";"2018-03-17T09:04:26.000Z";"2018-03-17T19:59:25.000Z";"2781";8321.91015625;8346.5302734375;7812.8198242188;7916.8798828125;4426149888;133993486925;"2018-03-17T23:59:59.999Z"
"2018-03-16T00:00:00.000Z";"2018-03-16T23:59:59.999Z";"2018-03-16T19:44:26.000Z";"2018-03-16T01:59:27.000Z";"2781";8322.91015625;8585.150390625;8005.3100585938;8338.349609375;5289379840;141111773179;"2018-03-16T23:59:59.999Z"
"2018-03-15T00:00:00.000Z";"2018-03-15T23:59:59.999Z";"2018-03-15T14:09:26.000Z";"2018-03-15T06:19:26.000Z";"2781";8290.759765625;8428.349609375;7783.0498046875;8300.8603515625;6834429952;140460819364;"2018-03-15T23:59:59.999Z"
"2018-03-14T00:00:00.000Z";"2018-03-14T23:59:59.999Z";"2018-03-14T00:59:27.000Z";"2018-03-14T21:59:26.000Z";"2781";9214.650390625;9355.849609375;8068.58984375;8269.8095703125;6438230016;139920843550;"2018-03-14T23:59:59.999Z"
"2018-03-13T00:00:00.000Z";"2018-03-13T23:59:59.999Z";"2018-03-13T06:09:28.000Z";"2018-03-13T12:59:26.000Z";"2781";9173.0400390625;9470.3798828125;8958.1904296875;9194.849609375;5991139840;155555594312;"2018-03-13T23:59:59.999Z"
"2018-03-12T00:00:00.000Z";"2018-03-12T23:59:59.999Z";"2018-03-12T10:19:26.000Z";"2018-03-12T20:14:26.000Z";"2781";9602.9296875;9937.5;8956.4296875;9205.1201171875;6457399808;155710928717;"2018-03-12T23:59:59.999Z"
"2018-03-11T00:00:00.000Z";"2018-03-11T23:59:59.999Z";"2018-03-11T22:19:26.000Z";"2018-03-11T00:59:26.000Z";"2781";8852.7802734375;9711.8896484375;8607.1201171875;9578.6298828125;6296370176;162009710243;"2018-03-11T23:59:59.999Z"
"2018-03-10T00:00:00.000Z";"2018-03-10T23:59:59.999Z";"2018-03-10T06:34:26.000Z";"2018-03-10T22:19:26.000Z";"2781";9350.58984375;9531.3203125;8828.4697265625;8866;5386319872;149939797150;"2018-03-10T23:59:59.999Z"
"2018-03-09T00:00:00.000Z";"2018-03-09T23:59:59.999Z";"2018-03-09T00:29:25.000Z";"2018-03-09T06:09:25.000Z";"2781";9414.6904296875;9466.349609375;8513.0302734375;9337.5498046875;8704190464;157898203939;"2018-03-09T23:59:59.999Z"
"2018-03-08T00:00:00.000Z";"2018-03-08T23:59:59.999Z";"2018-03-08T09:09:26.000Z";"2018-03-08T08:54:26.000Z";"2781";9951.4404296875;10147.400390625;9335.8701171875;9395.009765625;7186089984;158852238332;"2018-03-08T23:59:59.999Z"
"2018-03-07T00:00:00.000Z";"2018-03-07T23:59:59.999Z";"2018-03-07T21:39:26.000Z";"2018-03-07T21:34:26.000Z";"2781";10803.900390625;10929.5;9692.1201171875;9965.5703125;8797910016;168479670395;"2018-03-07T23:59:59.999Z"
"2018-03-06T00:00:00.000Z";"2018-03-06T23:59:59.999Z";"2018-03-06T00:04:26.000Z";"2018-03-06T20:39:25.000Z";"2781";11500.099609375;11500.099609375;10694.2998046875;10779.900390625;6832169984;182225316082;"2018-03-06T23:59:59.999Z"
"2018-03-05T00:00:00.000Z";"2018-03-05T23:59:59.999Z";"2018-03-05T20:29:26.000Z";"2018-03-05T10:29:25.000Z";"2781";11532.400390625;11704.099609375;11443.900390625;11573.2998046875;6468539904;195614809925;"2018-03-05T23:59:59.999Z"
"2018-03-04T00:00:00.000Z";"2018-03-04T23:59:59.999Z";"2018-03-04T23:59:25.000Z";"2018-03-04T07:54:23.000Z";"2781";11497.400390625;11512.599609375;11136.099609375;11512.599609375;6084149760;194567395376;"2018-03-04T23:59:59.999Z"
"2018-03-03T00:00:00.000Z";"2018-03-03T23:59:59.999Z";"2018-03-03T19:49:25.000Z";"2018-03-03T00:09:26.000Z";"2781";11101.900390625;11528.2001953125;11002.400390625;11489.7001953125;6690570240;194159120569;"2018-03-03T23:59:59.999Z"
"2018-03-02T00:00:00.000Z";"2018-03-02T23:59:59.999Z";"2018-03-02T01:59:29.000Z";"2018-03-02T16:49:29.000Z";"2781";10977.400390625;11189;10850.099609375;11086.400390625;7620590080;187318996197;"2018-03-02T23:59:59.999Z"
"2018-03-01T00:00:00.000Z";"2018-03-01T23:59:59.999Z";"2018-03-01T21:09:29.000Z";"2018-03-01T00:19:27.000Z";"2781";10385;11052.2998046875;10352.7001953125;10951;7317279744;185009753075;"2018-03-01T23:59:59.999Z"
"2018-02-28T00:00:00.000Z";"2018-02-28T23:59:59.999Z";"2018-02-28T06:34:28.000Z";"2018-02-28T23:49:28.000Z";"2781";10687.2001953125;11089.7998046875;10393.099609375;10397.900390625;6936189952;175644310997;"2018-02-28T23:59:59.999Z"
"2018-02-27T00:00:00.000Z";"2018-02-27T23:59:59.999Z";"2018-02-27T14:04:28.000Z";"2018-02-27T03:14:29.000Z";"2781";10393.900390625;10878.5;10246.099609375;10725.599609375;6966179840;181158869820;"2018-02-27T23:59:59.999Z"
"2018-02-26T00:00:00.000Z";"2018-02-26T23:59:59.999Z";"2018-02-26T13:04:27.000Z";"2018-02-26T13:09:28.000Z";"2781";9669.4296875;10475;9501.73046875;10366.7001953125;7287690240;175076064010;"2018-02-26T23:59:59.999Z"
"2018-02-25T00:00:00.000Z";"2018-02-25T23:59:59.999Z";"2018-02-25T07:14:26.000Z";"2018-02-25T15:34:29.000Z";"2781";9796.419921875;9923.2197265625;9407.0595703125;9664.73046875;5706939904;163204062358;"2018-02-25T23:59:59.999Z"
"2018-02-24T00:00:00.000Z";"2018-02-24T23:59:59.999Z";"2018-02-24T10:14:27.000Z";"2018-02-24T10:09:26.000Z";"2781";10287.7001953125;10597.2001953125;9546.9697265625;9813.0703125;6917929984;165687799108;"2018-02-24T23:59:59.999Z"
"2018-02-23T00:00:00.000Z";"2018-02-23T23:59:59.999Z";"2018-02-23T04:34:27.000Z";"2018-02-23T07:49:27.000Z";"2781";9937.0703125;10487.2998046875;9734.5595703125;10301.099609375;7739500032;173909350860;"2018-02-23T23:59:59.999Z"
"2018-02-22T00:00:00.000Z";"2018-02-22T23:59:59.999Z";"2018-02-22T13:39:34.000Z";"2018-02-22T13:44:29.000Z";"2781";10660.400390625;11039.099609375;9939.08984375;10005;8040079872;168892273935;"2018-02-22T23:59:59.999Z"
"2018-02-21T00:00:00.000Z";"2018-02-21T23:59:59.999Z";"2018-02-21T01:54:29.000Z";"2018-02-21T22:09:29.000Z";"2781";11372.2001953125;11418.5;10479.099609375;10690.400390625;9405339648;180442459820;"2018-02-21T23:59:59.999Z"
"2018-02-20T00:00:00.000Z";"2018-02-20T23:59:59.999Z";"2018-02-20T22:34:27.000Z";"2018-02-20T00:04:28.000Z";"2781";11231.7998046875;11958.5;11231.7998046875;11403.7001953125;9926540288;192457815912;"2018-02-20T23:59:59.999Z"
"2018-02-19T00:00:00.000Z";"2018-02-19T23:59:59.999Z";"2018-02-19T21:04:27.000Z";"2018-02-19T00:24:27.000Z";"2781";10552.599609375;11273.7998046875;10513.2001953125;11225.2998046875;7652089856;189426791571;"2018-02-19T23:59:59.999Z"
"2018-02-18T00:00:00.000Z";"2018-02-18T23:59:59.999Z";"2018-02-18T02:49:26.000Z";"2018-02-18T09:59:26.000Z";"2781";11123.400390625;11349.7998046875;10326;10551.7998046875;8744009728;178040648022;"2018-02-18T23:59:59.999Z"
"2018-02-17T00:00:00.000Z";"2018-02-17T23:59:59.999Z";"2018-02-17T23:39:27.000Z";"2018-02-17T00:34:27.000Z";"2781";10207.5;11139.5;10149.400390625;11112.7001953125;8660880384;187482083882;"2018-02-17T23:59:59.999Z"
"2018-02-16T00:00:00.000Z";"2018-02-16T23:59:59.999Z";"2018-02-16T18:34:27.000Z";"2018-02-16T13:19:26.000Z";"2781";10135.7001953125;10324.099609375;9824.8203125;10233.900390625;7296159744;172637061144;"2018-02-16T23:59:59.999Z"
"2018-02-15T00:00:00.000Z";"2018-02-15T23:59:59.999Z";"2018-02-15T21:49:26.000Z";"2018-02-15T22:19:28.000Z";"2781";9488.3203125;10234.7998046875;9395.580078125;10166.400390625;9062540288;171477807437;"2018-02-15T23:59:59.999Z"
"2018-02-14T00:00:00.000Z";"2018-02-14T23:59:59.999Z";"2018-02-14T23:49:29.000Z";"2018-02-14T00:04:25.000Z";"2781";8599.919921875;9518.5400390625;8599.919921875;9494.6298828125;7909819904;160131558835;"2018-02-14T23:59:59.999Z"
"2018-02-13T00:00:00.000Z";"2018-02-13T23:59:59.999Z";"2018-02-13T00:14:27.000Z";"2018-02-13T10:19:26.000Z";"2781";8926.7197265625;8958.4697265625;8455.41015625;8598.3095703125;5696719872;144995984203;"2018-02-13T23:59:59.999Z"
"2018-02-12T00:00:00.000Z";"2018-02-12T23:59:59.999Z";"2018-02-12T23:39:28.000Z";"2018-02-12T00:04:26.000Z";"2781";8141.4301757813;8985.919921875;8141.4301757813;8926.5703125;6256439808;150513128412;"2018-02-12T23:59:59.999Z"
"2018-02-11T00:00:00.000Z";"2018-02-11T23:59:59.999Z";"2018-02-11T00:04:27.000Z";"2018-02-11T09:19:25.000Z";"2781";8616.1298828125;8616.1298828125;7931.1000976563;8129.9702148438;6122189824;137064586975;"2018-02-11T23:59:59.999Z"
"2018-02-10T00:00:00.000Z";"2018-02-10T23:59:59.999Z";"2018-02-10T07:09:26.000Z";"2018-02-10T21:29:27.000Z";"2781";8720.080078125;9122.5498046875;8295.4697265625;8621.900390625;7780960256;145341842785;"2018-02-10T23:59:59.999Z"
"2018-02-09T00:00:00.000Z";"2018-02-09T23:59:59.999Z";"2018-02-09T23:59:27.000Z";"2018-02-09T05:29:26.000Z";"2781";8271.83984375;8736.98046875;7884.7099609375;8736.98046875;6784820224;147266052809;"2018-02-09T23:59:59.999Z"
"2018-02-08T00:00:00.000Z";"2018-02-08T23:59:59.999Z";"2018-02-08T12:59:23.000Z";"2018-02-08T00:04:24.000Z";"2781";7637.8598632813;8558.76953125;7637.8598632813;8265.58984375;9346750464;139306699929;"2018-02-08T23:59:59.999Z"
"2018-02-07T00:00:00.000Z";"2018-02-07T23:59:59.999Z";"2018-02-07T13:29:23.000Z";"2018-02-07T04:14:24.000Z";"2781";7755.490234375;8509.1103515625;7236.7900390625;7621.2998046875;9169280000;128435001186;"2018-02-07T23:59:59.999Z"
"2018-02-06T00:00:00.000Z";"2018-02-06T23:59:59.999Z";"2018-02-06T21:39:24.000Z";"2018-02-06T07:59:30.000Z";"2781";7051.75;7850.7001953125;6048.259765625;7754;13999800320;130658094648;"2018-02-06T23:59:59.999Z"
"2018-02-05T00:00:00.000Z";"2018-02-05T23:59:59.999Z";"2018-02-05T05:24:29.000Z";"2018-02-05T19:59:31.000Z";"2781";8270.5400390625;8364.83984375;6756.6801757813;6955.2700195313;9285289984;117184385122;"2018-02-05T23:59:59.999Z"
"2018-02-04T00:00:00.000Z";"2018-02-04T23:59:59.999Z";"2018-02-04T06:14:31.000Z";"2018-02-04T20:39:28.000Z";"2781";9175.7001953125;9334.8701171875;8031.2202148438;8277.009765625;7073549824;139433682759;"2018-02-04T23:59:59.999Z"
"2018-02-03T00:00:00.000Z";"2018-02-03T23:59:59.999Z";"2018-02-03T15:14:31.000Z";"2018-02-03T04:14:30.000Z";"2781";8852.1201171875;9430.75;8251.6298828125;9174.91015625;7263790080;154540000411;"2018-02-03T23:59:59.999Z"
"2018-02-02T00:00:00.000Z";"2018-02-02T23:59:59.999Z";"2018-02-02T00:04:28.000Z";"2018-02-02T12:49:30.000Z";"2781";9142.2802734375;9142.2802734375;7796.490234375;8830.75;12726899712;148725283812;"2018-02-02T23:59:59.999Z"
"2018-02-01T00:00:00.000Z";"2018-02-01T23:59:59.999Z";"2018-02-01T08:34:27.000Z";"2018-02-01T08:24:27.000Z";"2781";10237.2998046875;10288.7998046875;8812.2802734375;9170.5400390625;9959400448;154428564694;"2018-02-01T23:59:59.999Z"
"2018-01-31T00:00:00.000Z";"2018-01-31T23:59:59.999Z";"2018-01-31T16:39:29.000Z";"2018-01-31T04:09:22.000Z";"2781";10108.2001953125;10381.599609375;9777.419921875;10221.099609375;8041160192;172099559942;"2018-01-31T23:59:59.999Z"
"2018-01-30T00:00:00.000Z";"2018-01-30T23:59:59.999Z";"2018-01-30T00:59:26.000Z";"2018-01-30T19:19:28.000Z";"2781";11306.7998046875;11307.2001953125;10036.2001953125;10106.2998046875;8637859840;170151556678;"2018-01-30T23:59:59.999Z"
"2018-01-29T00:00:00.000Z";"2018-01-29T23:59:59.999Z";"2018-01-29T00:39:26.000Z";"2018-01-29T11:59:27.000Z";"2781";11755.5;11875.599609375;11179.2001953125;11296.400390625;7107359744;190164444830;"2018-01-29T23:59:59.999Z"
"2018-01-28T00:00:00.000Z";"2018-01-28T23:59:59.999Z";"2018-01-28T07:04:26.000Z";"2018-01-28T00:04:22.000Z";"2781";11475.2998046875;12040.2998046875;11475.2998046875;11786.2998046875;8350360064;198389948175;"2018-01-28T23:59:59.999Z"
"2018-01-27T00:00:00.000Z";"2018-01-27T23:59:59.999Z";"2018-01-27T20:19:27.000Z";"2018-01-27T02:14:27.000Z";"2781";11174.900390625;11614.900390625;10989.2001953125;11440.7001953125;7583269888;192550550498;"2018-01-27T23:59:59.999Z"
"2018-01-26T00:00:00.000Z";"2018-01-26T23:59:59.999Z";"2018-01-26T02:59:28.000Z";"2018-01-26T10:04:26.000Z";"2781";11256;11656.7001953125;10470.2998046875;11171.400390625;9746199552;187995804677;"2018-01-26T23:59:59.999Z"
"2018-01-25T00:00:00.000Z";"2018-01-25T23:59:59.999Z";"2018-01-25T04:19:28.000Z";"2018-01-25T17:29:26.000Z";"2781";11421.7001953125;11785.7001953125;11057.400390625;11259.400390625;8873169920;189455303273;"2018-01-25T23:59:59.999Z"
"2018-01-24T00:00:00.000Z";"2018-01-24T23:59:59.999Z";"2018-01-24T14:39:26.000Z";"2018-01-24T04:34:25.000Z";"2781";10903.400390625;11501.400390625;10639.7998046875;11359.400390625;9940989952;191115225673;"2018-01-24T23:59:59.999Z"
"2018-01-23T00:00:00.000Z";"2018-01-23T23:59:59.999Z";"2018-01-23T17:09:22.000Z";"2018-01-23T11:59:21.000Z";"2781";10944.5;11377.599609375;10129.7001953125;10868.400390625;9660609536;182830257191;"2018-01-23T23:59:59.999Z"
"2018-01-22T00:00:00.000Z";"2018-01-22T23:59:59.999Z";"2018-01-22T08:19:23.000Z";"2018-01-22T21:54:18.000Z";"2781";11633.099609375;11966.400390625;10240.2001953125;10931.400390625;10537400320;183866421285;"2018-01-22T23:59:59.999Z"
"2018-01-21T00:00:00.000Z";"2018-01-21T23:59:59.999Z";"2018-01-21T00:09:22.000Z";"2018-01-21T21:09:27.000Z";"2781";12889.2001953125;12895.900390625;11288.2001953125;11600.099609375;9935179776;195089460991;"2018-01-21T23:59:59.999Z"
"2018-01-20T00:00:00.000Z";"2018-01-20T23:59:59.999Z";"2018-01-20T18:44:23.000Z";"2018-01-20T00:04:24.000Z";"2781";11656.2001953125;13103;11656.2001953125;12899.2001953125;11801700352;216907619830;"2018-01-20T23:59:59.999Z"
"2018-01-19T00:00:00.000Z";"2018-01-19T23:59:59.999Z";"2018-01-19T13:14:23.000Z";"2018-01-19T03:24:24.000Z";"2781";11429.7998046875;11992.7998046875;11172.099609375;11607.400390625;10740400128;195158837709;"2018-01-19T23:59:59.999Z"
"2018-01-18T00:00:00.000Z";"2018-01-18T23:59:59.999Z";"2018-01-18T20:59:23.000Z";"2018-01-18T08:04:21.000Z";"2781";11198.7998046875;12107.2998046875;10942.5;11474.900390625;15020399616;192907550324;"2018-01-18T23:59:59.999Z"
"2018-01-17T00:00:00.000Z";"2018-01-17T23:59:59.999Z";"2018-01-17T18:24:24.000Z";"2018-01-17T16:39:24.000Z";"2781";11431.099609375;11678;9402.2900390625;11188.599609375;18830600192;188070430523;"2018-01-17T23:59:59.999Z"
"2018-01-16T00:00:00.000Z";"2018-01-16T23:59:59.999Z";"2018-01-16T00:09:22.000Z";"2018-01-16T22:34:22.000Z";"2781";13836.099609375;13843.099609375;10194.900390625;11490.5;18853799936;193121120762;"2018-01-16T23:59:59.999Z"
"2018-01-15T00:00:00.000Z";"2018-01-15T23:59:59.999Z";"2018-01-15T15:14:22.000Z";"2018-01-15T03:19:22.000Z";"2781";13767.2998046875;14445.5;13641.7001953125;13819.7998046875;12750799872;232242775485;"2018-01-15T23:59:59.999Z"
"2018-01-14T00:00:00.000Z";"2018-01-14T23:59:59.999Z";"2018-01-14T01:29:21.000Z";"2018-01-14T15:44:21.000Z";"2781";14370.7998046875;14511.7998046875;13268;13772;11084099584;231413491364;"2018-01-14T23:59:59.999Z"
"2018-01-13T00:00:00.000Z";"2018-01-13T23:59:59.999Z";"2018-01-13T14:09:22.000Z";"2018-01-13T00:04:23.000Z";"2781";13952.400390625;14659.5;13952.400390625;14360.2001953125;12763599872;241268592240;"2018-01-13T23:59:59.999Z"
"2018-01-12T00:00:00.000Z";"2018-01-12T23:59:59.999Z";"2018-01-12T11:29:22.000Z";"2018-01-12T00:39:23.000Z";"2781";13453.900390625;14229.900390625;13158.099609375;13980.599609375;12065699840;234865160377;"2018-01-12T23:59:59.999Z"
"2018-01-11T00:00:00.000Z";"2018-01-11T23:59:59.999Z";"2018-01-11T00:09:22.000Z";"2018-01-11T04:54:21.000Z";"2781";14968.2001953125;15018.7998046875;13105.900390625;13405.7998046875;16534099968;225178724050;"2018-01-11T23:59:59.999Z"
"2018-01-10T00:00:00.000Z";"2018-01-10T23:59:59.999Z";"2018-01-10T23:59:20.000Z";"2018-01-10T09:04:22.000Z";"2781";14588.5;14973.2998046875;13691.2001953125;14973.2998046875;18500800512;251472635522;"2018-01-10T23:59:59.999Z"
"2018-01-09T00:00:00.000Z";"2018-01-09T23:59:59.999Z";"2018-01-09T05:04:21.000Z";"2018-01-09T23:34:21.000Z";"2781";15123.7001953125;15497.5;14424;14595.400390625;16659999744;245095808695;"2018-01-09T23:59:59.999Z"
"2018-01-08T00:00:00.000Z";"2018-01-08T23:59:59.999Z";"2018-01-08T00:49:21.000Z";"2018-01-08T15:19:20.000Z";"2781";16476.19921875;16537.900390625;14208.2001953125;15170.099609375;18413899776;254715263101;"2018-01-08T23:59:59.999Z"
"2018-01-07T00:00:00.000Z";"2018-01-07T23:59:59.999Z";"2018-01-07T00:09:21.000Z";"2018-01-07T18:39:20.000Z";"2781";17527.30078125;17579.599609375;16087.7001953125;16477.599609375;15866000384;276634797271;"2018-01-07T23:59:59.999Z"
"2018-01-06T00:00:00.000Z";"2018-01-06T23:59:59.999Z";"2018-01-06T22:29:20.000Z";"2018-01-06T13:54:19.000Z";"2781";17462.099609375;17712.400390625;16764.599609375;17527;18314600448;294217423675;"2018-01-06T23:59:59.999Z"
"2018-01-05T00:00:00.000Z";"2018-01-05T23:59:59.999Z";"2018-01-05T23:39:21.000Z";"2018-01-05T01:29:21.000Z";"2781";15477.2001953125;17705.19921875;15202.7998046875;17429.5;23840899072;292544135538;"2018-01-05T23:59:59.999Z"
"2018-01-04T00:00:00.000Z";"2018-01-04T23:59:59.999Z";"2018-01-04T20:24:21.000Z";"2018-01-04T13:34:21.000Z";"2781";15270.7001953125;15739.7001953125;14522.2001953125;15599.2001953125;21783199744;261795321110;"2018-01-04T23:59:59.999Z"
"2018-01-03T00:00:00.000Z";"2018-01-03T23:59:59.999Z";"2018-01-03T07:14:21.000Z";"2018-01-03T10:24:21.000Z";"2781";14978.2001953125;15572.7998046875;14844.5;15201;16871900160;255080562912;"2018-01-03T23:59:59.999Z"
"2018-01-02T00:00:00.000Z";"2018-01-02T23:59:59.999Z";"2018-01-02T19:29:19.000Z";"2018-01-02T04:44:18.000Z";"2781";13625;15444.599609375;13163.599609375;14982.099609375;16846600192;251377913955;"2018-01-02T23:59:59.999Z"
"2018-01-01T00:00:00.000Z";"2018-01-01T23:59:59.999Z";"2018-01-01T00:04:19.000Z";"2018-01-01T14:34:20.000Z";"2781";14112.2001953125;14112.2001953125;13154.7001953125;13657.2001953125;10291200000;229119155396;"2018-01-01T23:59:59.999Z"